<?xml version="1.0" encoding="UTF-8"?>
     <jobabilities>
      <j jobid="757" ssid="417" tsid="" stype="" name="Afflatus Solace" alwayson="TRUE" group="Healing Stance" grouptype="1" visible="" targets="SELF" range="" rangeAOE="" requires="" criteria="" logic="" value="" value2="" prefix="/ja" mainonly="TRUE" on="" off="" waittime="" jobs="WHM" levels="40"  />
<j jobid="758" ssid="418" tsid="" stype="" name="Afflatus Misery" alwayson="TRUE" group="Healing Stance" grouptype="1" visible="" targets="SELF" range="" rangeAOE="" requires="" criteria="" logic="" value="" value2="" prefix="/ja" mainonly="TRUE" on="" off="" waittime="" jobs="WHM" levels="40"  />
<j jobid="530" ssid="" tsid="" stype="" name="Benediction" alwayson="" group="White Mage Abilities" grouptype="" visible="" targets="SELF" range="" rangeAOE="" requires="" criteria="PTHPP,MPP" logic="L,L" value="20" value2="5" prefix="/ja" mainonly="TRUE" on="" off="" waittime="" jobs="WHM" levels="1"  />
<j jobid="586" ssid="78" tsid="" stype="" name="Divine Seal" alwayson="" group="White Mage Abilities" grouptype="" visible="FALSE" targets="SELF" range="" rangeAOE="" requires="" criteria="" logic="" value="" value2="" prefix="/ja" mainonly="" on="" off="" waittime="" jobs="WHM" levels="15"  />
<j jobid="666" ssid="" tsid="" stype="" name="Devotion" alwayson="" group="White Mage Abilities" grouptype="" visible="" targets="TARGETEX" range="" rangeAOE="" requires="" criteria="MPP" logic="L" value="20" value2="" prefix="/ja" mainonly="" on="" off="" waittime="" jobs="WHM" levels="75"  />
<j jobid="665" ssid="" tsid="" stype="" name="Martyr" alwayson="" group="White Mage Abilities" grouptype="" visible="" targets="TARGETEX" range="" rangeAOE="" requires="" criteria="THPP" logic="" value="" value2="" prefix="/ja" mainonly="" on="" off="" waittime="" jobs="WHM" levels="75"  />
<j jobid="782" ssid="453" tsid="" stype="" name="Divine Caress" alwayson="" group="White Mage Abilities" grouptype="" visible="" targets="SELF" range="" rangeAOE="" requires="" criteria="" logic="" value="" value2="" prefix="/ja" mainonly="" on="" off="" waittime="" jobs="WHM" levels="83"  />
<j jobid="783" ssid="477" tsid="" stype="" name="Sacrosanctity" alwayson="" group="White Mage Abilities" grouptype="" visible="" targets="AOEME" range="" rangeAOE="" requires="" criteria="PTHPP" logic="L" value="30" value2="" prefix="/ja" mainonly="" on="" off="" waittime="" jobs="WHM" levels="95"  />
<j jobid="837" ssid="492" tsid="" stype="" name="Asylum" alwayson="" group="White Mage Abilities" grouptype="" visible="FALSE" targets="SELF" range="" rangeAOE="" requires="" criteria="" logic="" value="" value2="" prefix="/ja" mainonly="TRUE" on="" off="" waittime="" jobs="WHM" levels="96"  />
<j jobid="532" ssid="48" tsid="" stype="" name="Chainspell" alwayson="" group="Red Mage Abilities" grouptype="" visible="" targets="SELF" range="" rangeAOE="" requires="" criteria="" logic="" value="" value2="" prefix="/ja" mainonly="TRUE" on="" off="" waittime="" jobs="RDM" levels="1"  />
<j jobid="595" ssid="" tsid="" stype="" name="Convert" alwayson="TRUE" group="Red Mage Abilities" grouptype="" visible="" targets="SELF" range="" rangeAOE="" requires="" criteria="MPP" logic="L" value="10" value2="" prefix="/ja" mainonly="" on="" off="" waittime="" jobs="RDM" levels="40"  />
<j jobid="759" ssid="419" tsid="" stype="" name="Composure" alwayson="TRUE" group="Red Mage Abilities" grouptype="" visible="" targets="SELF" range="" rangeAOE="" requires="" criteria="" logic="" value="" value2="" prefix="/ja" mainonly="" on="" off="" waittime="" jobs="RDM" levels="50"  />
<j jobid="786" ssid="454" tsid="" stype="" name="Saboteur" alwayson="" group="Red Mage Abilities" grouptype="" visible="" targets="SELF" range="" rangeAOE="" requires="" criteria="" logic="" value="" value2="" prefix="/ja" mainonly="" on="" off="" waittime="" jobs="RDM" levels="83"  />
<j jobid="787" ssid="230" tsid="" stype="" name="Spontaneity" alwayson="" group="Red Mage Abilities" grouptype="" visible="" targets="SELF" range="" rangeAOE="" requires="" criteria="" logic="" value="" value2="" prefix="/ja" mainonly="" on="" off="" waittime="" jobs="RDM" levels="95"  />
<j jobid="839" ssid="494" tsid="" stype="" name="Stymie" alwayson="" group="Red Mage Abilities" grouptype="" visible="" targets="SELF" range="" rangeAOE="" requires="" criteria="" logic="" value="" value2="" prefix="/ja" mainonly="TRUE" on="" off="" waittime="" jobs="RDM" levels="96"  />
<j jobid="722" ssid="377" tsid="" stype="" name="Tabula Rasa" alwayson="" group="Scholar Abilities" grouptype="" visible="FALSE" targets="SELF" range="" rangeAOE="" requires="" criteria="" logic="" value="" value2="" prefix="/ja" mainonly="TRUE" on="" off="" waittime="" jobs="SCH" levels="1"  />
<j jobid="723" ssid="358" tsid="401" stype="" name="Light Arts" alwayson="TRUE" group="Scholar Abilities" grouptype="" visible="" targets="SELF" range="" rangeAOE="" requires="" criteria="" logic="" value="" value2="" prefix="/ja" mainonly="" on="" off="" waittime="" jobs="SCH" levels="10"  />
<j jobid="724" ssid="359" tsid="402" stype="" name="Dark Arts" alwayson="TRUE" group="Scholar Abilities" grouptype="" visible="" targets="SELF" range="" rangeAOE="" requires="" criteria="" logic="" value="" value2="" prefix="/ja" mainonly="" on="" off="" waittime="" jobs="SCH" levels="10"  />
<j jobid="745" ssid="187" tsid="188" stype="2" name="Sublimation" alwayson="TRUE" group="Scholar Abilities" grouptype="" visible="" targets="SELF" range="" rangeAOE="" requires="" criteria="MPP" logic="L" value="70" value2="" prefix="/ja" mainonly="" on="" off="" waittime="" jobs="SCH" levels="35"  />
<j jobid="726" ssid="" tsid="" stype="" name="Modus Veritas" alwayson="" group="Scholar Abilities" grouptype="" visible="FALSE" targets="SELF" range="" rangeAOE="" requires="" criteria="" logic="" value="" value2="" prefix="/ja" mainonly="" on="" off="" waittime="" jobs="SCH" levels="65"  />
<j jobid="756" ssid="416" tsid="" stype="" name="Enlightenment" alwayson="" group="Scholar Abilities" grouptype="" visible="FALSE" targets="SELF" range="" rangeAOE="" requires="" criteria="" logic="" value="" value2="" prefix="/ja" mainonly="" on="" off="" waittime="" jobs="SCH" levels="75"  />
<j jobid="777" ssid="" tsid="" stype="" name="Libra" alwayson="" group="Scholar Abilities" grouptype="" visible="FALSE" targets="SELF" range="" rangeAOE="" requires="" criteria="" logic="" value="" value2="" prefix="/ja" mainonly="" on="" off="" waittime="" jobs="SCH" levels="76"  />
<j jobid="854" ssid="" tsid="" stype="" name="Caper Emissarius" alwayson="" group="Scholar Abilities" grouptype="" visible="FALSE" targets="SELF" range="" rangeAOE="" requires="" criteria="" logic="" value="" value2="" prefix="/ja" mainonly="TRUE" on="" off="" waittime="" jobs="SCH" levels="96"  />
<j jobid="727" ssid="360" tsid="" stype="" name="Penury" alwayson="" group="Light Arts" grouptype="" visible="FALSE" targets="SELF" range="" rangeAOE="" requires="JA:Light Arts" criteria="STG" logic="G" value="0" value2="" prefix="/ja" mainonly="" on="" off="" waittime="" jobs="SCH" levels="10"  />
<j jobid="746" ssid="401" tsid="" stype="1" name="Addendum: White" alwayson="" group="Light Arts" grouptype="" visible="FALSE" targets="SELF" range="" rangeAOE="" requires="JA:Light Arts" criteria="STG" logic="G" value="0" value2="" prefix="/ja" mainonly="" on="" off="" waittime="" jobs="SCH" levels="10"  />
<j jobid="728" ssid="362" tsid="" stype="1" name="Celerity" alwayson="" group="Light Arts" grouptype="" visible="FALSE" targets="SELF" range="" rangeAOE="" requires="JA:Light Arts" criteria="STG" logic="G" value="0" value2="" prefix="/ja" mainonly="" on="" off="" waittime="" jobs="SCH" levels="25"  />
<j jobid="730" ssid="366" tsid="" stype="1" name="Accession" alwayson="" group="Light Arts" grouptype="" visible="FALSE" targets="SELF" range="" rangeAOE="" requires="JA:Light Arts" criteria="STG" logic="G" value="0" value2="" prefix="/ja" mainonly="" on="" off="" waittime="" jobs="SCH" levels="40"  />
<j jobid="729" ssid="364" tsid="" stype="1" name="Rapture" alwayson="" group="Light Arts" grouptype="" visible="FALSE" targets="SELF" range="" rangeAOE="" requires="JA:Light Arts" criteria="STG" logic="G" value="0" value2="" prefix="/ja" mainonly="" on="" off="" waittime="" jobs="SCH" levels="55"  />
<j jobid="752" ssid="412" tsid="" stype="1" name="Altruism" alwayson="" group="Light Arts" grouptype="" visible="FALSE" targets="SELF" range="" rangeAOE="" requires="JA:Light Arts" criteria="STG" logic="G" value="0" value2="" prefix="/ja" mainonly="" on="" off="" waittime="" jobs="SCH" levels="75"  />
<j jobid="754" ssid="414" tsid="" stype="1" name="Tranquility" alwayson="" group="Light Arts" grouptype="" visible="FALSE" targets="SELF" range="" rangeAOE="" requires="JA:Light Arts" criteria="STG" logic="G" value="0" value2="" prefix="/ja" mainonly="" on="" off="" waittime="" jobs="SCH" levels="75"  />
<j jobid="828" ssid="469" tsid="" stype="1" name="Perpetuance" alwayson="" group="Light Arts" grouptype="" visible="FALSE" targets="SELF" range="" rangeAOE="" requires="JA:Light Arts" criteria="STG" logic="G" value="0" value2="" prefix="/ja" mainonly="" on="" off="" waittime="" jobs="SCH" levels="87"  />
<j jobid="731" ssid="361" tsid="" stype="1" name="Parsimony" alwayson="" group="Dark Arts" grouptype="" visible="FALSE" targets="SELF" range="" rangeAOE="" requires="JA:Dark Arts" criteria="STG" logic="G" value="0" value2="" prefix="/ja" mainonly="" on="" off="" waittime="" jobs="SCH" levels="10"  />
<j jobid="732" ssid="363" tsid="" stype="1" name="Alacrity" alwayson="" group="Dark Arts" grouptype="" visible="FALSE" targets="SELF" range="" rangeAOE="" requires="JA:Dark Arts" criteria="STG" logic="G" value="0" value2="" prefix="/ja" mainonly="" on="" off="" waittime="" jobs="SCH" levels="25"  />
<j jobid="747" ssid="402" tsid="" stype="1" name="Addendum: Black" alwayson="" group="Dark Arts" grouptype="" visible="FALSE" targets="SELF" range="" rangeAOE="" requires="JA:Dark Arts" criteria="STG" logic="G" value="0" value2="" prefix="/ja" mainonly="" on="" off="" waittime="" jobs="SCH" levels="30"  />
<j jobid="734" ssid="367" tsid="" stype="1" name="Manifestation" alwayson="" group="Dark Arts" grouptype="" visible="FALSE" targets="SELF" range="" rangeAOE="" requires="JA:Dark Arts" criteria="STG" logic="G" value="0" value2="" prefix="/ja" mainonly="" on="" off="" waittime="" jobs="SCH" levels="40"  />
<j jobid="733" ssid="365" tsid="" stype="1" name="Ebullience" alwayson="" group="Dark Arts" grouptype="" visible="FALSE" targets="SELF" range="" rangeAOE="" requires="JA:Dark Arts" criteria="STG" logic="G" value="0" value2="" prefix="/ja" mainonly="" on="" off="" waittime="" jobs="SCH" levels="55"  />
<j jobid="753" ssid="413" tsid="" stype="1" name="Focalization" alwayson="" group="Dark Arts" grouptype="" visible="FALSE" targets="SELF" range="" rangeAOE="" requires="JA:Dark Arts" criteria="STG" logic="G" value="0" value2="" prefix="/ja" mainonly="" on="" off="" waittime="" jobs="SCH" levels="75"  />
<j jobid="755" ssid="415" tsid="" stype="1" name="Equanimity" alwayson="" group="Dark Arts" grouptype="" visible="FALSE" targets="SELF" range="" rangeAOE="" requires="JA:Dark Arts" criteria="STG" logic="G" value="0" value2="" prefix="/ja" mainonly="" on="" off="" waittime="" jobs="SCH" levels="75"  />
<j jobid="829" ssid="470" tsid="" stype="1" name="Immanence" alwayson="" group="Dark Arts" grouptype="" visible="FALSE" targets="SELF" range="" rangeAOE="" requires="JA:Dark Arts" criteria="STG" logic="G" value="0" value2="" prefix="/ja" mainonly="" on="" off="" waittime="" jobs="SCH" levels="87"  />
<j jobid="537" ssid="52" tsid="" stype="" name="Soul Voice" alwayson="" group="Bard Abilities" grouptype="" visible="FALSE" targets="SELF" range="" rangeAOE="" requires="" criteria="" logic="" value="" value2="" prefix="/ja" mainonly="TRUE" on="" off="" waittime="" jobs="BRD" levels="1"  />
<j jobid="741" ssid="409" tsid="" stype="" name="Pianissimo" alwayson="" group="Bard Abilities" grouptype="" visible="FALSE" targets="SELF" range="" rangeAOE="" requires="" criteria="" logic="" value="" value2="" prefix="/ja" mainonly="" on="" off="" waittime="" jobs="BRD" levels="20"  />
<j jobid="675" ssid="347" tsid="" stype="" name="Nightingale" alwayson="" group="Bard Abilities" grouptype="" visible="FALSE" targets="SELF" range="" rangeAOE="" requires="" criteria="" logic="" value="" value2="" prefix="/ja" mainonly="" on="" off="" waittime="" jobs="BRD" levels="75"  />
<j jobid="676" ssid="348" tsid="" stype="" name="Troubadour" alwayson="" group="Bard Abilities" grouptype="" visible="FALSE" targets="SELF" range="" rangeAOE="" requires="" criteria="" logic="" value="" value2="" prefix="/ja" mainonly="" on="" off="" waittime="" jobs="BRD" levels="75"  />
<j jobid="795" ssid="455" tsid="" stype="" name="Tenuto" alwayson="" group="Bard Abilities" grouptype="" visible="FALSE" targets="SELF" range="" rangeAOE="" requires="" criteria="" logic="" value="" value2="" prefix="/ja" mainonly="" on="" off="" waittime="" jobs="BRD" levels="83"  />
<j jobid="796" ssid="231" tsid="" stype="" name="Marcato" alwayson="" group="Bard Abilities" grouptype="" visible="FALSE" targets="SELF" range="" rangeAOE="" requires="" criteria="" logic="" value="" value2="" prefix="/ja" mainonly="" on="" off="" waittime="" jobs="BRD" levels="95"  />
<j jobid="844" ssid="499" tsid="" stype="" name="Clarion Call" alwayson="" group="Bard Abilities" grouptype="" visible="FALSE" targets="SELF" range="" rangeAOE="" requires="" criteria="" logic="" value="" value2="" prefix="/ja" mainonly="" on="" off="" waittime="" jobs="BRD" levels="96"  />
<j jobid="855" ssid="" tsid="" stype="" name="Bolster" alwayson="" group="Geomancer Abilities" grouptype="" visible="FALSE" targets="SELF" range="" rangeAOE="" requires="" criteria="" logic="" value="" value2="" prefix="/ja" mainonly="TRUE" on="" off="" waittime="" jobs="GEO" levels="1"  />
<j jobid="857" ssid="" tsid="" stype="" name="Full Circle" alwayson="" group="Geomancer Abilities" grouptype="" visible="FALSE" targets="SELF" range="" rangeAOE="" requires="" criteria="PHPP" logic="G" value="0" value2="" prefix="/ja" mainonly="" on="" off="" waittime="" jobs="GEO" levels="5"  />
<j jobid="858" ssid="515" tsid="" stype="" name="Lasting Emanation" alwayson="" group="Geomancer Abilities" grouptype="" visible="FALSE" targets="SELF" range="" rangeAOE="" requires="" criteria="PHPP" logic="G" value="0" value2="" prefix="/ja" mainonly="" on="" off="" waittime="" jobs="GEO" levels="25"  />
<j jobid="859" ssid="516" tsid="" stype="" name="Ecliptic Attrition" alwayson="" group="Geomancer Abilities" grouptype="" visible="FALSE" targets="SELF" range="" rangeAOE="" requires="" criteria="PHPP" logic="G" value="0" value2="" prefix="/ja" mainonly="" on="" off="" waittime="" jobs="GEO" levels="25"  />
<j jobid="860" ssid="517" tsid="" stype="" name="Collimated Fervor" alwayson="" group="Geomancer Abilities" grouptype="" visible="FALSE" targets="SELF" range="" rangeAOE="" requires="" criteria="" logic="" value="" value2="" prefix="/ja" mainonly="" on="" off="" waittime="" jobs="GEO" levels="40"  />
<j jobid="861" ssid="" tsid="" stype="" name="Life Cycle" alwayson="" group="Geomancer Abilities" grouptype="" visible="FALSE" targets="SELF" range="" rangeAOE="" requires="" criteria="PHPP" logic="G" value="0" value2="" prefix="/ja" mainonly="" on="" off="" waittime="" jobs="GEO" levels="50"  />
<j jobid="862" ssid="569" tsid="" stype="" name="Blaze of Glory" alwayson="" group="Geomancer Abilities" grouptype="" visible="FALSE" targets="SELF" range="" rangeAOE="" requires="" criteria="" logic="" value="" value2="" prefix="/ja" mainonly="" on="" off="" waittime="" jobs="GEO" levels="60"  />
<j jobid="863" ssid="518" tsid="" stype="" name="Dematerialize" alwayson="" group="Geomancer Abilities" grouptype="" visible="FALSE" targets="SELF" range="" rangeAOE="" requires="" criteria="PHPP" logic="G" value="0" value2="" prefix="/ja" mainonly="" on="" off="" waittime="" jobs="GEO" levels="70"  />
<j jobid="866" ssid="" tsid="" stype="" name="Mending Halation" alwayson="" group="Geomancer Abilities" grouptype="" visible="FALSE" targets="SELF" range="" rangeAOE="" requires="" criteria="" logic="" value="" value2="" prefix="/ja" mainonly="" on="" off="" waittime="" jobs="GEO" levels="75"  />
<j jobid="867" ssid="" tsid="" stype="" name="Radial Arcana" alwayson="" group="Geomancer Abilities" grouptype="" visible="FALSE" targets="TARGET" range="" rangeAOE="" requires="" criteria="PHPP,TMPP" logic="G,L" value="0" value2="30" prefix="/ja" mainonly="" on="" off="" waittime="" jobs="GEO" levels="75"  />
<j jobid="898" ssid="" tsid="" stype="" name="Entrust" alwayson="" group="Geomancer Abilities" grouptype="" visible="FALSE" targets="SELF" range="" rangeAOE="" requires="" criteria="" logic="" value="" value2="" prefix="/ja" mainonly="" on="" off="" waittime="" jobs="GEO" levels="75"  />
<j jobid="864" ssid="519" tsid="" stype="" name="Theurgic Focus" alwayson="" group="Geomancer Abilities" grouptype="" visible="FALSE" targets="SELF" range="" rangeAOE="" requires="" criteria="" logic="" value="" value2="" prefix="/ja" mainonly="" on="" off="" waittime="" jobs="GEO" levels="80"  />
<j jobid="865" ssid="" tsid="" stype="" name="Concentric Pulse" alwayson="" group="Geomancer Abilities" grouptype="" visible="FALSE" targets="SELF" range="" rangeAOE="" requires="" criteria="" logic="" value="" value2="" prefix="/ja" mainonly="" on="" off="" waittime="" jobs="GEO" levels="90"  />
<j jobid="889" ssid="508" tsid="" stype="" name="Widened Compass" alwayson="" group="Geomancer Abilities" grouptype="" visible="FALSE" targets="SELF" range="" rangeAOE="" requires="" criteria="" logic="" value="" value2="" prefix="/ja" mainonly="" on="" off="" waittime="" jobs="GEO" levels="96"  />




     </jobabilities>
