<?xml version="1.0" encoding="UTF-8"?>
<spells>
<s sid="39" targets="SELF,AOEME" name="Aquaveil" off="Aquaveil effect wears" custombtxt0="" custombval0="" custombtxt1="" custombval1="" on="gains the effect of Aquaveil" prefix="/ma" type="Buff" range="4" rangeAOE="" requires=",JA:Accession" jobs="WHM,RDM" levels="10,12"  />
<s sid="275" targets="AOEME" name="Auspice" off="Auspice effect wears" custombtxt0="" custombval0="" custombtxt1="" custombval1="" on="gains the effect of Auspice" prefix="/ma" type="Buff" range="4" rangeAOE="" requires="" jobs="WHM" levels="55"  />
<s sid="102" targets="AOEME" name="Baraera" off="Baraero effect wears" custombtxt0="" custombval0="" custombtxt1="" custombval1="" on="gains the effect of Baraero" prefix="/ma" type="Buff" range="4" rangeAOE="" requires="" jobs="WHM" levels="13"  />
<s sid="102" targets="SELF" name="Baraero" off="Baraero effect wears" custombtxt0="" custombval0="" custombtxt1="" custombval1="" on="gains the effect of Baraero" prefix="/ma" type="Buff" range="20" rangeAOE="" requires="" jobs="RDM" levels="13"  />
<s sid="286" targets="SELF" name="Baramnesia" off="Baramnesia effect wears" custombtxt0="" custombval0="" custombtxt1="" custombval1="" on="gains the effect of Baramnesia" prefix="/ma" type="Buff" range="20" rangeAOE="" requires="" jobs="RDM" levels="78"  />
<s sid="286" targets="AOEME" name="Baramnesra" off="Baramnesia effect wears" custombtxt0="" custombval0="" custombtxt1="" custombval1="" on="gains the effect of Baramnesia" prefix="/ma" type="Buff" range="4" rangeAOE="" requires="" jobs="WHM" levels="78"  />
<s sid="109" targets="SELF" name="Barblind" off="Barblind effect wears" custombtxt0="" custombval0="" custombtxt1="" custombval1="" on="gains the effect of Barblind" prefix="/ma" type="Buff" range="20" rangeAOE="" requires="" jobs="RDM" levels="18"  />
<s sid="109" targets="AOEME" name="Barblindra" off="Barblind effect wears" custombtxt0="" custombval0="" custombtxt1="" custombval1="" on="gains the effect of Barblind" prefix="/ma" type="Buff" range="4" rangeAOE="" requires="" jobs="WHM" levels="18"  />
<s sid="101" targets="AOEME" name="Barblizzara" off="Barblizzard effect wears" custombtxt0="" custombval0="" custombtxt1="" custombval1="" on="gains the effect of Barblizzard" prefix="/ma" type="Buff" range="4" rangeAOE="" requires="" jobs="WHM" levels="21"  />
<s sid="101" targets="SELF" name="Barblizzard" off="Barblizzard effect wears" custombtxt0="" custombval0="" custombtxt1="" custombval1="" on="gains the effect of Barblizzard" prefix="/ma" type="Buff" range="20" rangeAOE="" requires="" jobs="RDM" levels="21"  />
<s sid="100" targets="AOEME" name="Barfira" off="Barfire effect wears" custombtxt0="" custombval0="" custombtxt1="" custombval1="" on="gains the effect of Barfire" prefix="/ma" type="Buff" range="4" rangeAOE="" requires="" jobs="WHM" levels="17"  />
<s sid="100" targets="SELF" name="Barfire" off="Barfire effect wears" custombtxt0="" custombval0="" custombtxt1="" custombval1="" on="gains the effect of Barfire" prefix="/ma" type="Buff" range="20" rangeAOE="" requires="" jobs="RDM" levels="17"  />
<s sid="108" targets="SELF" name="Barparalyze" off="Barparalyze effect wears" custombtxt0="" custombval0="" custombtxt1="" custombval1="" on="gains the effect of Barparalyze" prefix="/ma" type="Buff" range="20" rangeAOE="" requires="" jobs="RDM" levels="12"  />
<s sid="108" targets="AOEME" name="Barparalyzra" off="Barparalyze effect wears" custombtxt0="" custombval0="" custombtxt1="" custombval1="" on="gains the effect of Barparalyze" prefix="/ma" type="Buff" range="4" rangeAOE="" requires="" jobs="WHM" levels="12"  />
<s sid="111" targets="AOEME" name="Barpetra" off="Barpetrify effect wears" custombtxt0="" custombval0="" custombtxt1="" custombval1="" on="gains the effect of Barpetrify" prefix="/ma" type="Buff" range="4" rangeAOE="" requires="" jobs="WHM" levels="43"  />
<s sid="111" targets="SELF" name="Barpetrify" off="Barpetrify effect wears" custombtxt0="" custombval0="" custombtxt1="" custombval1="" on="gains the effect of Barpetrify" prefix="/ma" type="Buff" range="20" rangeAOE="" requires="" jobs="RDM" levels="43"  />
<s sid="107" targets="SELF" name="Barpoison" off="Barpoison effect wears" custombtxt0="" custombval0="" custombtxt1="" custombval1="" on="gains the effect of Barpoison" prefix="/ma" type="Buff" range="20" rangeAOE="" requires="" jobs="RDM" levels="10"  />
<s sid="107" targets="AOEME" name="Barpoisonra" off="Barpoison effect wears" custombtxt0="" custombval0="" custombtxt1="" custombval1="" on="gains the effect of Barpoison" prefix="/ma" type="Buff" range="4" rangeAOE="" requires="" jobs="WHM" levels="10"  />
<s sid="110" targets="SELF" name="Barsilence" off="Barsilence effect wears" custombtxt0="" custombval0="" custombtxt1="" custombval1="" on="gains the effect of Barsilence" prefix="/ma" type="Buff" range="20" rangeAOE="" requires="" jobs="RDM" levels="23"  />
<s sid="110" targets="AOEME" name="Barsilencera" off="Barsilence effect wears" custombtxt0="" custombval0="" custombtxt1="" custombval1="" on="gains the effect of Barsilence" prefix="/ma" type="Buff" range="4" rangeAOE="" requires="" jobs="WHM" levels="23"  />
<s sid="106" targets="SELF" name="Barsleep" off="Barsleep effect wears" custombtxt0="" custombval0="" custombtxt1="" custombval1="" on="gains the effect of Barsleep" prefix="/ma" type="Buff" range="20" rangeAOE="" requires="" jobs="RDM" levels="7"  />
<s sid="106" targets="AOEME" name="Barsleepra" off="Barsleep effect wears" custombtxt0="" custombval0="" custombtxt1="" custombval1="" on="gains the effect of Barsleep" prefix="/ma" type="Buff" range="4" rangeAOE="" requires="" jobs="WHM" levels="7"  />
<s sid="103" targets="SELF" name="Barstone" off="Barstone effect wears" custombtxt0="" custombval0="" custombtxt1="" custombval1="" on="gains the effect of Barstone" prefix="/ma" type="Buff" range="20" rangeAOE="" requires="" jobs="RDM" levels="5"  />
<s sid="103" targets="AOEME" name="Barstonra" off="Barstone effect wears" custombtxt0="" custombval0="" custombtxt1="" custombval1="" on="gains the effect of Barstone" prefix="/ma" type="Buff" range="4" rangeAOE="" requires="" jobs="WHM" levels="5"  />
<s sid="104" targets="SELF" name="Barthunder" off="Barthunder effect wears" custombtxt0="" custombval0="" custombtxt1="" custombval1="" on="gains the effect of Barthunder" prefix="/ma" type="Buff" range="20" rangeAOE="" requires="" jobs="RDM" levels="25"  />
<s sid="104" targets="AOEME" name="Barthundra" off="Barthunder effect wears" custombtxt0="" custombval0="" custombtxt1="" custombval1="" on="gains the effect of Barthunder" prefix="/ma" type="Buff" range="4" rangeAOE="" requires="" jobs="WHM" levels="25"  />
<s sid="112" targets="AOEME" name="Barvira" off="Barvirus effect wears" custombtxt0="" custombval0="" custombtxt1="" custombval1="" on="gains the effect of Barvirus" prefix="/ma" type="Buff" range="4" rangeAOE="" requires="" jobs="WHM" levels="39"  />
<s sid="112" targets="SELF" name="Barvirus" off="Barvirus effect wears" custombtxt0="" custombval0="" custombtxt1="" custombval1="" on="gains the effect of Barvirus" prefix="/ma" type="Buff" range="20" rangeAOE="" requires="" jobs="RDM" levels="39"  />
<s sid="105" targets="SELF" name="Barwater" off="Barwater effect wears" custombtxt0="" custombval0="" custombtxt1="" custombval1="" on="gains the effect of Barwater" prefix="/ma" type="Buff" range="20" rangeAOE="" requires="" jobs="RDM" levels="9"  />
<s sid="105" targets="AOEME" name="Barwatera" off="Barwater effect wears" custombtxt0="" custombval0="" custombtxt1="" custombval1="" on="gains the effect of Barwater" prefix="/ma" type="Buff" range="4" rangeAOE="" requires="" jobs="WHM" levels="9"  />
<s sid="34" targets="SELF" name="Blaze Spikes" off="Blaze Spikes effect wears" custombtxt0="" custombval0="" custombtxt1="" custombval1="" on="gains the effect of Blaze Spikes" prefix="/ma" type="Buff" range="20" rangeAOE="" requires="" jobs="RDM" levels="20"  />
<s sid="36" targets="SELF,AOEME" name="Blink" off="Blink effect wears" custombtxt0="" custombval0="" custombtxt1="" custombval1="" on="gains the effect of Blink" prefix="/ma" type="Buff" range="4" rangeAOE="" requires=",JA:Accession" jobs="WHM,RDM" levels="19,23"  />
<s sid="122" targets="AOEME" name="Boost-AGI" off="AGI Boost effect wears" custombtxt0="" custombval0="" custombtxt1="" custombval1="" on="gains the effect of AGI" prefix="/ma" type="Buff" range="4" rangeAOE="" requires="" jobs="WHM" levels="90"  />
<s sid="125" targets="AOEME" name="Boost-CHR" off="CHR Boost effect wears" custombtxt0="" custombval0="" custombtxt1="" custombval1="" on="gains the effect of CHR" prefix="/ma" type="Buff" range="4" rangeAOE="" requires="" jobs="WHM" levels="87"  />
<s sid="120" targets="AOEME" name="Boost-Dex" off="Dex Boost effect wears" custombtxt0="" custombval0="" custombtxt1="" custombval1="" on="gains the effect of Dex" prefix="/ma" type="Buff" range="4" rangeAOE="" requires="" jobs="WHM" levels="99"  />
<s sid="124" targets="AOEME" name="Boost-MND" off="MND Boost effect wears" custombtxt0="" custombval0="" custombtxt1="" custombval1="" on="gains the effect of MND" prefix="/ma" type="Buff" range="4" rangeAOE="" requires="" jobs="WHM" levels="84"  />
<s sid="119" targets="AOEME" name="Boost-STR" off="STR Boost effect wears" custombtxt0="" custombval0="" custombtxt1="" custombval1="" on="gains the effect of STR" prefix="/ma" type="Buff" range="4" rangeAOE="" requires="" jobs="WHM" levels="93"  />
<s sid="121" targets="AOEME" name="Boost-VIT" off="VIT Boost effect wears" custombtxt0="" custombval0="" custombtxt1="" custombval1="" on="gains the effect of VIT" prefix="/ma" type="Buff" range="4" rangeAOE="" requires="" jobs="WHM" levels="81"  />
<s sid="70" targets="TARGET,AOE" name="Deodorize" off="Deodorize effect wears" custombtxt0="" custombval0="" custombtxt1="" custombval1="" on="gains the effect of Deodorize" prefix="/ma" type="Buff" range="20" rangeAOE="15" requires=",JA:Accession" jobs="WHM,RDM" levels="15,15"  />
<s sid="96" targets="SELF" name="Enaero" off="Enaero effect wears" custombtxt0="" custombval0="" custombtxt1="" custombval1="" on="gains the effect of Enaero" prefix="/ma" type="Buff" range="20" rangeAOE="" requires="" jobs="RDM" levels="20"  />
<s sid="279" targets="SELF" name="Enaero II" off="Enaero effect wears" custombtxt0="" custombval0="" custombtxt1="" custombval1="" on="gains the effect of Enaero" prefix="/ma" type="Buff" range="20" rangeAOE="" requires="" jobs="RDM" levels="54"  />
<s sid="95" targets="SELF" name="Enblizzard" off="Enblizzard effect wears" custombtxt0="" custombval0="" custombtxt1="" custombval1="" on="gains the effect of Enblizzard" prefix="/ma" type="Buff" range="20" rangeAOE="" requires="" jobs="RDM" levels="22"  />
<s sid="278" targets="SELF" name="Enblizzard II" off="Enblizzard effect wears" custombtxt0="" custombval0="" custombtxt1="" custombval1="" on="gains the effect of Enblizzard" prefix="/ma" type="Buff" range="20" rangeAOE="" requires="" jobs="RDM" levels="56"  />
<s sid="94" targets="SELF" name="Enfire" off="Enfire effect wears" custombtxt0="" custombval0="" custombtxt1="" custombval1="" on="gains the effect of Enfire" prefix="/ma" type="Buff" range="20" rangeAOE="" requires="" jobs="RDM" levels="24"  />
<s sid="277" targets="SELF" name="Enfire II" off="Enfire effect wears" custombtxt0="" custombval0="" custombtxt1="" custombval1="" on="gains the effect of Enfire" prefix="/ma" type="Buff" range="20" rangeAOE="" requires="" jobs="RDM" levels="58"  />
<s sid="97" targets="SELF" name="Enstone" off="Enstone effect wears" custombtxt0="" custombval0="" custombtxt1="" custombval1="" on="gains the effect of Enstone" prefix="/ma" type="Buff" range="20" rangeAOE="" requires="" jobs="RDM" levels="18"  />
<s sid="280" targets="SELF" name="Enstone II" off="Enstone effect wears" custombtxt0="" custombval0="" custombtxt1="" custombval1="" on="gains the effect of Enstone" prefix="/ma" type="Buff" range="20" rangeAOE="" requires="" jobs="RDM" levels="52"  />
<s sid="98" targets="SELF" name="Enthunder" off="Enthunder effect wears" custombtxt0="" custombval0="" custombtxt1="" custombval1="" on="gains the effect of Enthunder" prefix="/ma" type="Buff" range="20" rangeAOE="" requires="" jobs="RDM" levels="16"  />
<s sid="281" targets="SELF" name="Enthunder II" off="Enthunder effect wears" custombtxt0="" custombval0="" custombtxt1="" custombval1="" on="gains the effect of Enthunder" prefix="/ma" type="Buff" range="20" rangeAOE="" requires="" jobs="RDM" levels="50"  />
<s sid="99" targets="SELF" name="Enwater" off="Enwater effect wears" custombtxt0="" custombval0="" custombtxt1="" custombval1="" on="gains the effect of Enwater" prefix="/ma" type="Buff" range="20" rangeAOE="" requires="" jobs="RDM" levels="27"  />
<s sid="282" targets="SELF" name="Enwater II" off="Enwater effect wears" custombtxt0="" custombval0="" custombtxt1="" custombval1="" on="gains the effect of Enwater" prefix="/ma" type="Buff" range="20" rangeAOE="" requires="" jobs="RDM" levels="60"  />
<s sid="265" targets="SELF" name="Flurry" off="Flurry effect wears" custombtxt0="" custombval0="" custombtxt1="" custombval1="" on="gains the effect of Flurry" prefix="/ma" type="Buff" range="20" rangeAOE="" requires="" jobs="RDM" levels="48"  />
<s sid="122" targets="SELF" name="Gain-AGI" off="AGI Boost effect wears" custombtxt0="" custombval0="" custombtxt1="" custombval1="" on="gains the effect of AGI" prefix="/ma" type="Buff" range="20" rangeAOE="" requires="" jobs="RDM" levels="90"  />
<s sid="125" targets="SELF" name="Gain-CHR" off="CHR Boost effect wears" custombtxt0="" custombval0="" custombtxt1="" custombval1="" on="gains the effect of CHR" prefix="/ma" type="Buff" range="20" rangeAOE="" requires="" jobs="RDM" levels="87"  />
<s sid="124" targets="SELF" name="Gain-MND" off="MND Boost effect wears" custombtxt0="" custombval0="" custombtxt1="" custombval1="" on="gains the effect of MND" prefix="/ma" type="Buff" range="20" rangeAOE="" requires="" jobs="RDM" levels="85"  />
<s sid="121" targets="SELF" name="Gain-VIT" off="VIT Boost effect wears" custombtxt0="" custombval0="" custombtxt1="" custombval1="" on="gains the effect of VIT" prefix="/ma" type="Buff" range="20" rangeAOE="" requires="" jobs="RDM" levels="81"  />
<s sid="33" targets="TARGET" name="Haste" off="Haste effect wears" custombtxt0="" custombval0="" custombtxt1="" custombval1="" on="gains the effect of Haste" prefix="/ma" type="Buff" range="20" rangeAOE="" requires="" jobs="WHM,RDM" levels="40,48"  />
<s sid="35" targets="SELF" name="Ice Spikes" off="Ice Spikes effect wears" custombtxt0="" custombval0="" custombtxt1="" custombval1="" on="gains the effect of Ice Spikes" prefix="/ma" type="Buff" range="20" rangeAOE="" requires="" jobs="RDM" levels="40"  />
<s sid="69" targets="TARGET,AOE" name="Invisible" off="Invisible effect wears" custombtxt0="" custombval0="" custombtxt1="" custombval1="" on="gains the effect of Invisible" prefix="/ma" type="Buff" range="20" rangeAOE="15" requires=",JA:Accession" jobs="WHM,RDM" levels="25,25"  />
<s sid="116" targets="SELF,AOEME" name="Phalanx" off="Phalanx effect wears" custombtxt0="" custombval0="" custombtxt1="" custombval1="" on="gains the effect of Phalanx" prefix="/ma" type="Buff" range="4" rangeAOE="" requires=",JA:Accession" jobs="RDM" levels="33"  />
<s sid="116" targets="TARGET" name="Phalanx II" off="Phalanx effect wears" custombtxt0="" custombval0="" custombtxt1="" custombval1="" on="gains the effect of Phalanx" prefix="/ma" type="Buff" range="20" rangeAOE="" requires="" jobs="RDM" levels="75"  />
<s sid="40" targets="TARGET,AOE" name="Protect" off="Protect effect wears" custombtxt0="" custombval0="" custombtxt1="" custombval1="" on="gains the effect of Protect" prefix="/ma" type="Buff" range="20" rangeAOE="15" requires=",JA:Accession" jobs="WHM,RDM" levels="7,7"  />
<s sid="40" targets="TARGET,AOE" name="Protect II" off="Protect effect wears" custombtxt0="" custombval0="" custombtxt1="" custombval1="" on="gains the effect of Protect" prefix="/ma" type="Buff" range="20" rangeAOE="15" requires=",JA:Accession" jobs="WHM,RDM" levels="27,27"  />
<s sid="40" targets="TARGET,AOE" name="Protect III" off="Protect effect wears" custombtxt0="" custombval0="" custombtxt1="" custombval1="" on="gains the effect of Protect" prefix="/ma" type="Buff" range="20" rangeAOE="15" requires=",JA:Accession" jobs="WHM,RDM" levels="47,47"  />
<s sid="40" targets="TARGET,AOE" name="Protect IV" off="Protect effect wears" custombtxt0="" custombval0="" custombtxt1="" custombval1="" on="gains the effect of Protect" prefix="/ma" type="Buff" range="20" rangeAOE="15" requires=",JA:Accession" jobs="WHM,RDM" levels="63,63"  />
<s sid="40" targets="TARGET,AOE" name="Protect V" off="Protect effect wears" custombtxt0="" custombval0="" custombtxt1="" custombval1="" on="gains the effect of Protect" prefix="/ma" type="Buff" range="20" rangeAOE="15" requires=",JA:Accession" jobs="WHM,RDM" levels="76,77"  />
<s sid="40" targets="AOEME" name="Protectra" off="Protect effect wears" custombtxt0="" custombval0="" custombtxt1="" custombval1="" on="gains the effect of Protect" prefix="/ma" type="Buff" range="4" rangeAOE="" requires="" jobs="WHM" levels="7"  />
<s sid="40" targets="AOEME" name="Protectra II" off="Protect effect wears" custombtxt0="" custombval0="" custombtxt1="" custombval1="" on="gains the effect of Protect" prefix="/ma" type="Buff" range="4" rangeAOE="" requires="" jobs="WHM" levels="27"  />
<s sid="40" targets="AOEME" name="Protectra III" off="Protect effect wears" custombtxt0="" custombval0="" custombtxt1="" custombval1="" on="gains the effect of Protect" prefix="/ma" type="Buff" range="4" rangeAOE="" requires="" jobs="WHM" levels="47"  />
<s sid="40" targets="AOEME" name="Protectra IV" off="Protect effect wears" custombtxt0="" custombval0="" custombtxt1="" custombval1="" on="gains the effect of Protect" prefix="/ma" type="Buff" range="4" rangeAOE="" requires="" jobs="WHM" levels="63"  />
<s sid="40" targets="AOEME" name="Protectra V" off="Protect effect wears" custombtxt0="" custombval0="" custombtxt1="" custombval1="" on="gains the effect of Protect" prefix="/ma" type="Buff" range="4" rangeAOE="" requires="" jobs="WHM" levels="75"  />
<s sid="43" targets="TARGET,AOE" name="Refresh" off="Refresh effect wears" custombtxt0="" custombval0="" custombtxt1="" custombval1="" on="gains the effect of Refresh" prefix="/ma" type="Buff" range="20" rangeAOE="15" requires=",JA:Accession" jobs="RDM" levels="41"  />
<s sid="43" targets="TARGET" name="Refresh II" off="Refresh effect wears" custombtxt0="" custombval0="" custombtxt1="" custombval1="" on="gains the effect of Refresh" prefix="/ma" type="Buff" range="20" rangeAOE="" requires="" jobs="RDM" levels="82"  />
<s sid="42" targets="TARGET,AOE" name="Regen" off="Regen effect wears" custombtxt0="" custombval0="" custombtxt1="" custombval1="" on="gains the effect of Regen" prefix="/ma" type="Buff" range="20" rangeAOE="15" requires=",JA:Accession" jobs="WHM,RDM" levels="21,21"  />
<s sid="42" targets="TARGET,AOE" name="Regen II" off="Regen effect wears" custombtxt0="" custombval0="" custombtxt1="" custombval1="" on="gains the effect of Regen" prefix="/ma" type="Buff" range="20" rangeAOE="15" requires=",JA:Accession" jobs="WHM,RDM" levels="44,76"  />
<s sid="42" targets="TARGET,AOE" name="Regen III" off="Regen effect wears" custombtxt0="" custombval0="" custombtxt1="" custombval1="" on="gains the effect of Regen" prefix="/ma" type="Buff" range="20" rangeAOE="15" requires=",JA:Accession" jobs="WHM" levels="66"  />
<s sid="42" targets="TARGET,AOE" name="Regen IV" off="Regen effect wears" custombtxt0="" custombval0="" custombtxt1="" custombval1="" on="gains the effect of Regen" prefix="/ma" type="Buff" range="20" rangeAOE="15" requires=",JA:Accession" jobs="WHM" levels="86"  />
<s sid="41" targets="TARGET,AOE" name="Shell" off="Shell effect wears" custombtxt0="" custombval0="" custombtxt1="" custombval1="" on="gains the effect of Shell" prefix="/ma" type="Buff" range="20" rangeAOE="15" requires=",JA:Accession" jobs="WHM,RDM" levels="17,17"  />
<s sid="41" targets="TARGET,AOE" name="Shell II" off="Shell effect wears" custombtxt0="" custombval0="" custombtxt1="" custombval1="" on="gains the effect of Shell" prefix="/ma" type="Buff" range="20" rangeAOE="15" requires=",JA:Accession" jobs="WHM,RDM" levels="37,37"  />
<s sid="41" targets="TARGET,AOE" name="Shell III" off="Shell effect wears" custombtxt0="" custombval0="" custombtxt1="" custombval1="" on="gains the effect of Shell" prefix="/ma" type="Buff" range="20" rangeAOE="15" requires=",JA:Accession" jobs="WHM,RDM" levels="57,57"  />
<s sid="41" targets="TARGET,AOE" name="Shell IV" off="Shell effect wears" custombtxt0="" custombval0="" custombtxt1="" custombval1="" on="gains the effect of Shell" prefix="/ma" type="Buff" range="20" rangeAOE="15" requires=",JA:Accession" jobs="WHM,RDM" levels="68,68"  />
<s sid="41" targets="TARGET,AOE" name="Shell V" off="Shell effect wears" custombtxt0="" custombval0="" custombtxt1="" custombval1="" on="gains the effect of Shell" prefix="/ma" type="Buff" range="20" rangeAOE="15" requires=",JA:Accession" jobs="WHM,RDM" levels="76,87"  />
<s sid="41" targets="AOEME" name="Shellra" off="Shell effect wears" custombtxt0="" custombval0="" custombtxt1="" custombval1="" on="gains the effect of Shell" prefix="/ma" type="Buff" range="4" rangeAOE="" requires="" jobs="WHM" levels="17"  />
<s sid="41" targets="AOEME" name="Shellra II" off="Shell effect wears" custombtxt0="" custombval0="" custombtxt1="" custombval1="" on="gains the effect of Shell" prefix="/ma" type="Buff" range="4" rangeAOE="" requires="" jobs="WHM" levels="37"  />
<s sid="41" targets="AOEME" name="Shellra III" off="Shell effect wears" custombtxt0="" custombval0="" custombtxt1="" custombval1="" on="gains the effect of Shell" prefix="/ma" type="Buff" range="4" rangeAOE="" requires="" jobs="WHM" levels="57"  />
<s sid="41" targets="AOEME" name="Shellra IV" off="Shell effect wears" custombtxt0="" custombval0="" custombtxt1="" custombval1="" on="gains the effect of Shell" prefix="/ma" type="Buff" range="4" rangeAOE="" requires="" jobs="WHM" levels="68"  />
<s sid="41" targets="AOEME" name="Shellra V" off="Shell effect wears" custombtxt0="" custombval0="" custombtxt1="" custombval1="" on="gains the effect of Shell" prefix="/ma" type="Buff" range="4" rangeAOE="" requires="" jobs="WHM" levels="75"  />
<s sid="38" targets="SELF" name="Shock Spikes" off="" custombtxt0="" custombval0="" custombtxt1="" custombval1="" on="" prefix="/ma" type="Buff" range="20" rangeAOE="" requires="" jobs="RDM" levels="60"  />
<s sid="71" targets="TARGET,AOE" name="Sneak" off="Sneak effect wears" custombtxt0="" custombval0="" custombtxt1="" custombval1="" on="gains the effect of Sneak" prefix="/ma" type="Buff" range="20" rangeAOE="15" requires=",JA:Accession" jobs="WHM,RDM" levels="20,20"  />
<s sid="37" targets="SELF,AOEME" name="Stoneskin" off="Stoneskin effect wears" custombtxt0="" custombval0="" custombtxt1="" custombval1="" on="gains the effect of Stoneskin" prefix="/ma" type="Buff" range="4" rangeAOE="" requires=",JA:Accession" jobs="WHM,RDM" levels="28,34"  />
<s sid="" targets="AOEME" name="Cura" off="" custombtxt0="" custombval0="" custombtxt1="" custombval1="" on="" prefix="/ma" type="Cura" range="4" rangeAOE="" requires="" jobs="WHM" levels="40"  />
<s sid="" targets="AOEME" name="Cura II" off="" custombtxt0="" custombval0="" custombtxt1="" custombval1="" on="" prefix="/ma" type="Cura" range="4" rangeAOE="" requires="" jobs="WHM" levels="83"  />
<s sid="" targets="AOE" name="Curaga" off="" custombtxt0="" custombval0="" custombtxt1="" custombval1="" on="" prefix="/ma" type="Curagas" range="20" rangeAOE="15" requires="" jobs="WHM" levels="16"  />
<s sid="" targets="AOE" name="Curaga II" off="" custombtxt0="" custombval0="" custombtxt1="" custombval1="" on="" prefix="/ma" type="Curagas" range="20" rangeAOE="15" requires="" jobs="WHM" levels="31"  />
<s sid="" targets="AOE" name="Curaga III" off="" custombtxt0="" custombval0="" custombtxt1="" custombval1="" on="" prefix="/ma" type="Curagas" range="20" rangeAOE="15" requires="" jobs="WHM" levels="51"  />
<s sid="" targets="AOE" name="Curaga IV" off="" custombtxt0="" custombval0="" custombtxt1="" custombval1="" on="" prefix="/ma" type="Curagas" range="20" rangeAOE="15" requires="" jobs="WHM" levels="71"  />
<s sid="" targets="AOE" name="Curaga V" off="" custombtxt0="" custombval0="" custombtxt1="" custombval1="" on="" prefix="/ma" type="Curagas" range="20" rangeAOE="15" requires="" jobs="WHM" levels="91"  />
<s sid="" targets="TARGET" name="Cure" off="" custombtxt0="" custombval0="" custombtxt1="" custombval1="" on="" prefix="/ma" type="Cures" range="20" rangeAOE="" requires="" jobs="WHM,RDM" levels="1,3"  />
<s sid="" targets="TARGET" name="Cure II" off="" custombtxt0="" custombval0="" custombtxt1="" custombval1="" on="" prefix="/ma" type="Cures" range="20" rangeAOE="" requires="" jobs="WHM,RDM" levels="11,14"  />
<s sid="" targets="TARGET" name="Cure III" off="" custombtxt0="" custombval0="" custombtxt1="" custombval1="" on="" prefix="/ma" type="Cures" range="20" rangeAOE="" requires="" jobs="WHM,RDM" levels="21,26"  />
<s sid="" targets="TARGET" name="Cure IV" off="" custombtxt0="" custombval0="" custombtxt1="" custombval1="" on="" prefix="/ma" type="Cures" range="20" rangeAOE="" requires="" jobs="WHM,RDM" levels="41,48"  />
<s sid="" targets="TARGET" name="Cure V" off="" custombtxt0="" custombval0="" custombtxt1="" custombval1="" on="" prefix="/ma" type="Cures" range="20" rangeAOE="" requires="" jobs="WHM" levels="61"  />
<s sid="" targets="TARGET" name="Cure VI" off="" custombtxt0="" custombval0="" custombtxt1="" custombval1="" on="" prefix="/ma" type="Cures" range="20" rangeAOE="" requires="" jobs="WHM" levels="80"  />
<s sid="" targets="TARGET" name="Full Cure" off="" custombtxt0="" custombval0="" custombtxt1="" custombval1="" on="" prefix="/ma" type="Cures" range="20" rangeAOE="" requires="" jobs="WHM" levels="99"  />
<s sid="" targets="ENEMY" name="Addle" off="Addle effect wear" custombtxt0="" custombval0="" custombtxt1="" custombval1="" on="" prefix="/ma" type="Debuff" range="20" rangeAOE="" requires="" jobs="WHM,RDM" levels="93,83"  />
<s sid="" targets="ENEMY" name="Bind" off="no longer bound" custombtxt0="" custombval0="" custombtxt1="" custombval1="" on="" prefix="/ma" type="Debuff" range="20" rangeAOE="" requires="" jobs="RDM" levels="11"  />
<s sid="" targets="ENEMY" name="Bio" off="Bio effect wear" custombtxt0="" custombval0="" custombtxt1="" custombval1="" on="" prefix="/ma" type="Debuff" range="20" rangeAOE="" requires="" jobs="RDM" levels="10"  />
<s sid="" targets="ENEMY" name="Bio II" off="Bio effect wear" custombtxt0="" custombval0="" custombtxt1="" custombval1="" on="" prefix="/ma" type="Debuff" range="20" rangeAOE="" requires="" jobs="RDM" levels="36"  />
<s sid="" targets="ENEMY" name="Bio III" off="Bio effect wear" custombtxt0="" custombval0="" custombtxt1="" custombval1="" on="" prefix="/ma" type="Debuff" range="20" rangeAOE="" requires="" jobs="RDM" levels="75"  />
<s sid="" targets="ENEMY" name="Blind" off="no longer blind" custombtxt0="" custombval0="" custombtxt1="" custombval1="" on="" prefix="/ma" type="Debuff" range="20" rangeAOE="" requires="" jobs="RDM" levels="8"  />
<s sid="" targets="ENEMY" name="Blind II" off="no longer blind" custombtxt0="" custombval0="" custombtxt1="" custombval1="" on="" prefix="/ma" type="Debuff" range="20" rangeAOE="" requires="" jobs="RDM" levels="75"  />
<s sid="" targets="ENEMY" name="Break" off="no longer petri" custombtxt0="" custombval0="" custombtxt1="" custombval1="" on="" prefix="/ma" type="Debuff" range="20" rangeAOE="" requires="" jobs="RDM" levels="87"  />
<s sid="" targets="ENEMY" name="Dia" off="Dia effect wear" custombtxt0="" custombval0="" custombtxt1="" custombval1="" on="" prefix="/ma" type="Debuff" range="20" rangeAOE="" requires="" jobs="WHM,RDM" levels="3,1"  />
<s sid="" targets="ENEMY" name="Dia II" off="Dia effect wear" custombtxt0="" custombval0="" custombtxt1="" custombval1="" on="" prefix="/ma" type="Debuff" range="20" rangeAOE="" requires="" jobs="WHM,RDM" levels="36,31"  />
<s sid="" targets="ENEMY" name="Dia III" off="Dia effect wear" custombtxt0="" custombval0="" custombtxt1="" custombval1="" on="" prefix="/ma" type="Debuff" range="20" rangeAOE="" requires="" jobs="WHM,RDM" levels="99,75"  />
<s sid="" targets="ENEMY" name="Diaga" off="Dia effect wear" custombtxt0="" custombval0="" custombtxt1="" custombval1="" on="" prefix="/ma" type="Debuff" range="20" rangeAOE="" requires="" jobs="WHM,RDM" levels="18,15"  />
<s sid="" targets="ENEMY" name="Frazzle" off="Magic Evasion Down effect wear" custombtxt0="" custombval0="" custombtxt1="" custombval1="" on="" prefix="/ma" type="Debuff" range="20" rangeAOE="" requires="" jobs="RDM" levels="42"  />
<s sid="" targets="ENEMY" name="Gravity" off="weighted down" custombtxt0="" custombval0="" custombtxt1="" custombval1="" on="" prefix="/ma" type="Debuff" range="20" rangeAOE="" requires="" jobs="RDM" levels="21"  />
<s sid="" targets="ENEMY" name="Paralyze" off="no longer para" custombtxt0="" custombval0="" custombtxt1="" custombval1="" on="" prefix="/ma" type="Debuff" range="20" rangeAOE="" requires="" jobs="WHM,RDM" levels="4,6"  />
<s sid="" targets="ENEMY" name="Paralyze II" off="no longer para" custombtxt0="" custombval0="" custombtxt1="" custombval1="" on="" prefix="/ma" type="Debuff" range="20" rangeAOE="" requires="" jobs="RDM" levels="75"  />
<s sid="" targets="ENEMY" name="Poison" off="no longer poi" custombtxt0="" custombval0="" custombtxt1="" custombval1="" on="" prefix="/ma" type="Debuff" range="20" rangeAOE="" requires="" jobs="RDM" levels="5"  />
<s sid="" targets="ENEMY" name="Poison II" off="no longer poison" custombtxt0="" custombval0="" custombtxt1="" custombval1="" on="" prefix="/ma" type="Debuff" range="20" rangeAOE="" requires="" jobs="RDM" levels="46"  />
<s sid="" targets="ENEMY" name="Silence" off="no longer silen" custombtxt0="" custombval0="" custombtxt1="" custombval1="" on="" prefix="/ma" type="Debuff" range="20" rangeAOE="" requires="" jobs="WHM,RDM" levels="15,18"  />
<s sid="" targets="ENEMY" name="Sleep" off="no longer asleep" custombtxt0="" custombval0="" custombtxt1="" custombval1="" on="" prefix="/ma" type="Debuff" range="20" rangeAOE="" requires="" jobs="RDM" levels="25"  />
<s sid="" targets="ENEMY" name="Sleep II" off="no longer asleep" custombtxt0="" custombval0="" custombtxt1="" custombval1="" on="" prefix="/ma" type="Debuff" range="20" rangeAOE="" requires="" jobs="RDM" levels="46"  />
<s sid="" targets="ENEMY" name="Slow" off="Slow effect wea" custombtxt0="" custombval0="" custombtxt1="" custombval1="" on="" prefix="/ma" type="Debuff" range="20" rangeAOE="" requires="" jobs="WHM,RDM" levels="13,13"  />
<s sid="" targets="ENEMY" name="Slow II" off="Slow effect wea" custombtxt0="" custombval0="" custombtxt1="" custombval1="" on="" prefix="/ma" type="Debuff" range="20" rangeAOE="" requires="" jobs="RDM" levels="75"  />
<s sid="" targets="ENEMY" name="Dispel" off="" custombtxt0="" custombval0="" custombtxt1="" custombval1="" on="" prefix="/ma" type="Dispel" range="20" rangeAOE="" requires="" jobs="RDM" levels="32"  />
<s sid="" targets="ENEMY" name="Banish" off="" custombtxt0="" custombval0="" custombtxt1="" custombval1="" on="" prefix="/ma" type="Nuke" range="20" rangeAOE="" requires="" jobs="WHM" levels="5"  />
<s sid="" targets="ENEMY" name="Banish II" off="" custombtxt0="" custombval0="" custombtxt1="" custombval1="" on="" prefix="/ma" type="Nuke" range="20" rangeAOE="" requires="" jobs="WHM" levels="30"  />
<s sid="" targets="ENEMY" name="Banish III" off="" custombtxt0="" custombval0="" custombtxt1="" custombval1="" on="" prefix="/ma" type="Nuke" range="20" rangeAOE="" requires="" jobs="WHM" levels="65"  />
<s sid="" targets="ENEMY" name="Banishga" off="" custombtxt0="" custombval0="" custombtxt1="" custombval1="" on="" prefix="/ma" type="Nuke" range="20" rangeAOE="" requires="" jobs="WHM" levels="15"  />
<s sid="" targets="ENEMY" name="Banishga II" off="" custombtxt0="" custombval0="" custombtxt1="" custombval1="" on="" prefix="/ma" type="Nuke" range="20" rangeAOE="" requires="" jobs="WHM" levels="40"  />
<s sid="" targets="ENEMY" name="Flash" off="" custombtxt0="" custombval0="" custombtxt1="" custombval1="" on="" prefix="/ma" type="Nuke" range="20" rangeAOE="" requires="" jobs="WHM" levels="45"  />
<s sid="" targets="ENEMY" name="Holy" off="" custombtxt0="" custombval0="" custombtxt1="" custombval1="" on="" prefix="/ma" type="Nuke" range="20" rangeAOE="" requires="" jobs="WHM" levels="50"  />
<s sid="" targets="ENEMY" name="Holy II" off="" custombtxt0="" custombval0="" custombtxt1="" custombval1="" on="" prefix="/ma" type="Nuke" range="20" rangeAOE="" requires="" jobs="WHM" levels="95"  />
<s sid="" targets="ENEMY" name="Repose" off="" custombtxt0="" custombval0="" custombtxt1="" custombval1="" on="" prefix="/ma" type="Nuke" range="20" rangeAOE="" requires="" jobs="WHM" levels="48"  />
<s sid="" targets="AOEME" name="Recall-Jugner" off="" custombtxt0="" custombval0="" custombtxt1="" custombval1="" on="" prefix="/ma" type="Other" range="4" rangeAOE="" requires="" jobs="WHM" levels="53"  />
<s sid="" targets="AOEME" name="Recall-Meriph" off="" custombtxt0="" custombval0="" custombtxt1="" custombval1="" on="" prefix="/ma" type="Other" range="4" rangeAOE="" requires="" jobs="WHM" levels="53"  />
<s sid="" targets="AOEME" name="Recall-Pashh" off="" custombtxt0="" custombval0="" custombtxt1="" custombval1="" on="" prefix="/ma" type="Other" range="4" rangeAOE="" requires="" jobs="WHM" levels="53"  />
<s sid="" targets="AOEME" name="Teleport-Altep" off="" custombtxt0="" custombval0="" custombtxt1="" custombval1="" on="" prefix="/ma" type="Other" range="4" rangeAOE="" requires="" jobs="WHM" levels="38"  />
<s sid="" targets="AOEME" name="Teleport-Dem" off="" custombtxt0="" custombval0="" custombtxt1="" custombval1="" on="" prefix="/ma" type="Other" range="4" rangeAOE="" requires="" jobs="WHM" levels="36"  />
<s sid="" targets="AOEME" name="Teleport-Holla" off="" custombtxt0="" custombval0="" custombtxt1="" custombval1="" on="" prefix="/ma" type="Other" range="4" rangeAOE="" requires="" jobs="WHM" levels="36"  />
<s sid="" targets="AOEME" name="Teleport-Mea" off="" custombtxt0="" custombval0="" custombtxt1="" custombval1="" on="" prefix="/ma" type="Other" range="4" rangeAOE="" requires="" jobs="WHM" levels="36"  />
<s sid="" targets="AOEME" name="Teleport-Vahzl" off="" custombtxt0="" custombval0="" custombtxt1="" custombval1="" on="" prefix="/ma" type="Other" range="4" rangeAOE="" requires="" jobs="WHM" levels="42"  />
<s sid="" targets="AOEME" name="Teleport-Yhoat" off="" custombtxt0="" custombval0="" custombtxt1="" custombval1="" on="" prefix="/ma" type="Other" range="4" rangeAOE="" requires="" jobs="WHM" levels="38"  />
<s sid="" targets="TARGET" name="Arise" off="" custombtxt0="" custombval0="" custombtxt1="" custombval1="" on="" prefix="/ma" type="Raise" range="20" rangeAOE="" requires="" jobs="WHM" levels="99"  />
<s sid="" targets="TARGET" name="Raise" off="" custombtxt0="" custombval0="" custombtxt1="" custombval1="" on="" prefix="/ma" type="Raise" range="20" rangeAOE="" requires="" jobs="WHM,RDM" levels="25,38"  />
<s sid="" targets="TARGET" name="Raise II" off="" custombtxt0="" custombval0="" custombtxt1="" custombval1="" on="" prefix="/ma" type="Raise" range="20" rangeAOE="" requires="" jobs="WHM" levels="56"  />
<s sid="" targets="TARGET" name="Raise III" off="" custombtxt0="" custombval0="" custombtxt1="" custombval1="" on="" prefix="/ma" type="Raise" range="20" rangeAOE="" requires="" jobs="WHM" levels="70"  />
<s sid="" targets="SELF" name="Reraise" off="" custombtxt0="" custombval0="" custombtxt1="" custombval1="" on="" prefix="/ma" type="Reraise" range="20" rangeAOE="" requires="" jobs="WHM" levels="25"  />
<s sid="" targets="SELF" name="Reraise II" off="" custombtxt0="" custombval0="" custombtxt1="" custombval1="" on="" prefix="/ma" type="Reraise" range="20" rangeAOE="" requires="" jobs="WHM" levels="56"  />
<s sid="" targets="SELF" name="Reraise III" off="" custombtxt0="" custombval0="" custombtxt1="" custombval1="" on="" prefix="/ma" type="Reraise" range="20" rangeAOE="" requires="" jobs="WHM" levels="70"  />
<s sid="" targets="SELF" name="Reraise IV" off="" custombtxt0="" custombval0="" custombtxt1="" custombval1="" on="" prefix="/ma" type="Reraise" range="20" rangeAOE="" requires="" jobs="WHM" levels="99"  />
<s sid="214" targets="AOEME,TARGET" name="Advancing March" off="March effect wears off" custombtxt0="Dummy Song" custombval0="" custombtxt1="" custombval1="" on="gains the effect of March" prefix="/ma" type="Song" range="2" rangeAOE="10" requires=",JA:Pianissimo" jobs="BRD" levels="29"  />
<s sid="221" targets="TARGET" name="Adventurer's Dirge" off="Dirge effect wears off" custombtxt0="" custombval0="" custombtxt1="" custombval1="" on="gains the effect of Dirge" prefix="/ma" type="Song" range="2" rangeAOE="10" requires="" jobs="BRD" levels="75"  />
<s sid="200" targets="TARGET" name="Archer's Prelude" off="Prelude effect wears off" custombtxt0="" custombval0="" custombtxt1="" custombval1="" on="gains the effect of Prelude" prefix="/ma" type="Song" range="2" rangeAOE="10" requires="" jobs="BRD" levels="71"  />
<s sid="195" targets="AOEME,TARGET" name="Army's Paeon" off="Paeon effect wears off" custombtxt0="Dummy Song" custombval0="" custombtxt1="" custombval1="" on="gains the effect of Paeon" prefix="/ma" type="Song" range="2" rangeAOE="10" requires=",JA:Pianissimo" jobs="BRD" levels="5"  />
<s sid="195" targets="AOEME,TARGET" name="Army's Paeon II" off="Paeon effect wears off" custombtxt0="Dummy Song" custombval0="" custombtxt1="" custombval1="" on="gains the effect of Paeon" prefix="/ma" type="Song" range="2" rangeAOE="10" requires=",JA:Pianissimo" jobs="BRD" levels="15"  />
<s sid="195" targets="AOEME,TARGET" name="Army's Paeon III" off="Paeon effect wears off" custombtxt0="Dummy Song" custombval0="" custombtxt1="" custombval1="" on="gains the effect of Paeon" prefix="/ma" type="Song" range="2" rangeAOE="10" requires=",JA:Pianissimo" jobs="BRD" levels="35"  />
<s sid="195" targets="AOEME,TARGET" name="Army's Paeon IV" off="Paeon effect wears off" custombtxt0="Dummy Song" custombval0="" custombtxt1="" custombval1="" on="gains the effect of Paeon" prefix="/ma" type="Song" range="2" rangeAOE="10" requires=",JA:Pianissimo" jobs="BRD" levels="45"  />
<s sid="195" targets="AOEME,TARGET" name="Army's Paeon V" off="Paeon effect wears off" custombtxt0="Dummy Song" custombval0="" custombtxt1="" custombval1="" on="gains the effect of Paeon" prefix="/ma" type="Song" range="2" rangeAOE="10" requires=",JA:Pianissimo" jobs="BRD" levels="65"  />
<s sid="195" targets="AOEME,TARGET" name="Army's Paeon VI" off="Paeon effect wears off" custombtxt0="Dummy Song" custombval0="" custombtxt1="" custombval1="" on="gains the effect of Paeon" prefix="/ma" type="Song" range="2" rangeAOE="10" requires=",JA:Pianissimo" jobs="BRD" levels="78"  />
<s sid="194" targets="ENEMY" name="Battlefield Elegy" off="Elegy effect wears off" custombtxt0="" custombval0="" custombtxt1="" custombval1="" on="gains the effect of Elegy" prefix="/ma" type="Song" range="2" rangeAOE="10" requires="" jobs="BRD" levels="39"  />
<s sid="194" targets="ENEMY" name="Carnage Elegy" off="Elegy effect wears off" custombtxt0="" custombval0="" custombtxt1="" custombval1="" on="gains the effect of Elegy" prefix="/ma" type="Song" range="2" rangeAOE="10" requires="" jobs="BRD" levels="59"  />
<s sid="215" targets="TARGET" name="Bewitching Etude" off="Etude effect wears off" custombtxt0="" custombval0="" custombtxt1="" custombval1="" on="gains the effect of Etude" prefix="/ma" type="Song" range="2" rangeAOE="10" requires="" jobs="BRD" levels="62"  />
<s sid="199" targets="AOEME,TARGET" name="Blade Madrigal" off="Madrigal effect wears off" custombtxt0="Dummy Song" custombval0="" custombtxt1="" custombval1="" on="gains the effect of Madrigal" prefix="/ma" type="Song" range="2" rangeAOE="10" requires=",JA:Pianissimo" jobs="BRD" levels="51"  />
<s sid="204" targets="AOEME,TARGET" name="Chocobo Hum" off="Hum effect wears off" custombtxt0="Dummy Song" custombval0="" custombtxt1="" custombval1="" on="gains the effect of Hum" prefix="/ma" type="Song" range="2" rangeAOE="10" requires=",JA:Pianissimo" jobs="BRD" levels="52"  />
<s sid="219" targets="AOEME,TARGET" name="Chocobo Mazurka" off="Mazurka effect wears off" custombtxt0="Dummy Song" custombval0="" custombtxt1="" custombval1="" on="gains the effect of Mazurka" prefix="/ma" type="Song" range="2" rangeAOE="10" requires=",JA:Pianissimo" jobs="BRD" levels="73"  />
<s sid="216" targets="AOEME,TARGET" name="Dark Carol" off="Carol effect wears off" custombtxt0="Dummy Song" custombval0="" custombtxt1="" custombval1="" on="gains the effect of Carol" prefix="/ma" type="Song" range="2" rangeAOE="10" requires=",JA:Pianissimo" jobs="BRD" levels="50"  />
<s sid="217" targets="ENEMY" name="Dark Threnody" off="Threnody effect wears off" custombtxt0="" custombval0="" custombtxt1="" custombval1="" on="gains the effect of Threnody" prefix="/ma" type="Song" range="2" rangeAOE="10" requires="" jobs="BRD" levels="12"  />
<s sid="215" targets="TARGET" name="Dextrous Etude" off="Etude effect wears off" custombtxt0="" custombval0="" custombtxt1="" custombval1="" on="gains the effect of Etude" prefix="/ma" type="Song" range="2" rangeAOE="10" requires="" jobs="BRD" levels="32"  />
<s sid="201" targets="AOEME,TARGET" name="Dragonfoe Mambo" off="Mambo effect wears off" custombtxt0="Dummy Song" custombval0="" custombtxt1="" custombval1="" on="gains the effect of Mambo" prefix="/ma" type="Song" range="2" rangeAOE="10" requires=",JA:Pianissimo" jobs="BRD" levels="53"  />
<s sid="216" targets="AOEME,TARGET" name="Earth Carol" off="Carol effect wears off" custombtxt0="Dummy Song" custombval0="" custombtxt1="" custombval1="" on="gains the effect of Carol" prefix="/ma" type="Song" range="2" rangeAOE="10" requires=",JA:Pianissimo" jobs="BRD" levels="38"  />
<s sid="216" targets="AOEME,TARGET" name="Earth Carol II" off="Carol effect wears off" custombtxt0="Dummy Song" custombval0="" custombtxt1="" custombval1="" on="gains the effect of Carol" prefix="/ma" type="Song" range="2" rangeAOE="10" requires=",JA:Pianissimo" jobs="BRD" levels="81"  />
<s sid="217" targets="ENEMY" name="Earth Threnody" off="Threnody effect wears off" custombtxt0="" custombval0="" custombtxt1="" custombval1="" on="gains the effect of Threnody" prefix="/ma" type="Song" range="2" rangeAOE="10" requires="" jobs="BRD" levels="14"  />
<s sid="215" targets="TARGET" name="Enchanting Etude" off="Etude effect wears off" custombtxt0="" custombval0="" custombtxt1="" custombval1="" on="gains the effect of Etude" prefix="/ma" type="Song" range="2" rangeAOE="10" requires="" jobs="BRD" levels="22"  />
<s sid="216" targets="AOEME,TARGET" name="Fire Carol" off="Carol effect wears off" custombtxt0="Dummy Song" custombval0="" custombtxt1="" custombval1="" on="gains the effect of Carol" prefix="/ma" type="Song" range="2" rangeAOE="10" requires=",JA:Pianissimo" jobs="BRD" levels="44"  />
<s sid="216" targets="AOEME,TARGET" name="Fire Carol II" off="Carol effect wears off" custombtxt0="Dummy Song" custombval0="" custombtxt1="" custombval1="" on="gains the effect of Carol" prefix="/ma" type="Song" range="2" rangeAOE="10" requires=",JA:Pianissimo" jobs="BRD" levels="90"  />
<s sid="217" targets="ENEMY" name="Fire Threnody" off="Threnody effect wears off" custombtxt0="" custombval0="" custombtxt1="" custombval1="" on="gains the effect of Threnody" prefix="/ma" type="Song" range="2" rangeAOE="10" requires="" jobs="BRD" levels="20"  />
<s sid="193" targets="ENEMY" name="Foe Lullaby" off="Lullaby effect wears off" custombtxt0="" custombval0="" custombtxt1="" custombval1="" on="gains the effect of Lullaby" prefix="/ma" type="Song" range="2" rangeAOE="10" requires="" jobs="BRD" levels="16"  />
<s sid="193" targets="ENEMY" name="Foe Lullaby II" off="Lullaby effect wears off" custombtxt0="" custombval0="" custombtxt1="" custombval1="" on="gains the effect of Lullaby" prefix="/ma" type="Song" range="2" rangeAOE="10" requires="" jobs="BRD" levels="83"  />
<s sid="192" targets="ENEMY" name="Foe Requiem" off="Requiem effect wears off" custombtxt0="" custombval0="" custombtxt1="" custombval1="" on="gains the effect of Requiem" prefix="/ma" type="Song" range="2" rangeAOE="10" requires="" jobs="BRD" levels="7"  />
<s sid="192" targets="ENEMY" name="Foe Requiem II" off="Requiem effect wears off" custombtxt0="" custombval0="" custombtxt1="" custombval1="" on="gains the effect of Requiem" prefix="/ma" type="Song" range="2" rangeAOE="10" requires="" jobs="BRD" levels="17"  />
<s sid="192" targets="ENEMY" name="Foe Requiem III" off="Requiem effect wears off" custombtxt0="" custombval0="" custombtxt1="" custombval1="" on="gains the effect of Requiem" prefix="/ma" type="Song" range="2" rangeAOE="10" requires="" jobs="BRD" levels="37"  />
<s sid="192" targets="ENEMY" name="Foe Requiem IV" off="Requiem effect wears off" custombtxt0="" custombval0="" custombtxt1="" custombval1="" on="gains the effect of Requiem" prefix="/ma" type="Song" range="2" rangeAOE="10" requires="" jobs="BRD" levels="47"  />
<s sid="192" targets="ENEMY" name="Foe Requiem V" off="Requiem effect wears off" custombtxt0="" custombval0="" custombtxt1="" custombval1="" on="gains the effect of Requiem" prefix="/ma" type="Song" range="2" rangeAOE="10" requires="" jobs="BRD" levels="57"  />
<s sid="192" targets="ENEMY" name="Foe Requiem VI" off="Requiem effect wears off" custombtxt0="" custombval0="" custombtxt1="" custombval1="" on="gains the effect of Requiem" prefix="/ma" type="Song" range="2" rangeAOE="10" requires="" jobs="BRD" levels="67"  />
<s sid="220" targets="TARGET" name="Foe Sirvente" off="Sirvente effect wears off" custombtxt0="" custombval0="" custombtxt1="" custombval1="" on="gains the effect of Sirvente" prefix="/ma" type="Song" range="2" rangeAOE="10" requires="" jobs="BRD" levels="75"  />
<s sid="202" targets="AOEME,TARGET" name="Fowl Aubade" off="Aubade effect wears off" custombtxt0="Dummy Song" custombval0="" custombtxt1="" custombval1="" on="gains the effect of Aubade" prefix="/ma" type="Song" range="2" rangeAOE="10" requires=",JA:Pianissimo" jobs="BRD" levels="33"  />
<s sid="210" targets="AOEME,TARGET" name="Goblin Gavotte" off="Gavotte effect wears off" custombtxt0="Dummy Song" custombval0="" custombtxt1="" custombval1="" on="gains the effect of Gavotte" prefix="/ma" type="Song" range="2" rangeAOE="10" requires=",JA:Pianissimo" jobs="BRD" levels="49"  />
<s sid="218" targets="AOEME,TARGET" name="Goddess's Hymnus" off="Hymnus effect wears off" custombtxt0="Dummy Song" custombval0="" custombtxt1="" custombval1="" on="gains the effect of Hymnus" prefix="/ma" type="Song" range="2" rangeAOE="10" requires=",JA:Pianissimo" jobs="BRD" levels="71"  />
<s sid="207" targets="AOEME,TARGET" name="Gold Capriccio" off="Capriccio effect wears off" custombtxt0="Dummy Song" custombval0="" custombtxt1="" custombval1="" on="gains the effect of Capriccio" prefix="/ma" type="Song" range="2" rangeAOE="10" requires=",JA:Pianissimo" jobs="BRD" levels="54"  />
<s sid="203" targets="AOEME,TARGET" name="Herb Pastoral" off="Pastoral effect wears off" custombtxt0="Dummy Song" custombval0="" custombtxt1="" custombval1="" on="gains the effect of Pastoral" prefix="/ma" type="Song" range="2" rangeAOE="10" requires=",JA:Pianissimo" jobs="BRD" levels="9"  />
<s sid="215" targets="TARGET" name="Herculean Etude" off="Etude effect wears off" custombtxt0="" custombval0="" custombtxt1="" custombval1="" on="gains the effect of Etude" prefix="/ma" type="Song" range="2" rangeAOE="10" requires="" jobs="BRD" levels="74"  />
<s sid="193" targets="ENEMY" name="Horde Lullaby" off="Lullaby effect wears off" custombtxt0="" custombval0="" custombtxt1="" custombval1="" on="gains the effect of Lullaby" prefix="/ma" type="Song" range="2" rangeAOE="10" requires="" jobs="BRD" levels="27"  />
<s sid="193" targets="ENEMY" name="Horde Lullaby II" off="Lullaby effect wears off" custombtxt0="" custombval0="" custombtxt1="" custombval1="" on="gains the effect of Lullaby" prefix="/ma" type="Song" range="2" rangeAOE="10" requires="" jobs="BRD" levels="95"  />
<s sid="200" targets="TARGET" name="Hunter's Prelude" off="Prelude effect wears off" custombtxt0="" custombval0="" custombtxt1="" custombval1="" on="gains the effect of Prelude" prefix="/ma" type="Song" range="2" rangeAOE="10" requires="" jobs="BRD" levels="31"  />
<s sid="216" targets="AOEME,TARGET" name="Ice Carol" off="Carol effect wears off" custombtxt0="Dummy Song" custombval0="" custombtxt1="" custombval1="" on="gains the effect of Carol" prefix="/ma" type="Song" range="2" rangeAOE="10" requires=",JA:Pianissimo" jobs="BRD" levels="46"  />
<s sid="216" targets="AOEME,TARGET" name="Ice Carol II" off="Carol effect wears off" custombtxt0="Dummy Song" custombval0="" custombtxt1="" custombval1="" on="gains the effect of Carol" prefix="/ma" type="Song" range="2" rangeAOE="10" requires=",JA:Pianissimo" jobs="BRD" levels="93"  />
<s sid="217" targets="ENEMY" name="Ice Threnody" off="Threnody effect wears off" custombtxt0="" custombval0="" custombtxt1="" custombval1="" on="gains the effect of Threnody" prefix="/ma" type="Song" range="2" rangeAOE="10" requires="" jobs="BRD" levels="22"  />
<s sid="197" targets="AOEME,TARGET" name="Knight's Minne" off="Minne effect wears off" custombtxt0="Dummy Song" custombval0="" custombtxt1="" custombval1="" on="gains the effect of Minne" prefix="/ma" type="Song" range="2" rangeAOE="10" requires=",JA:Pianissimo" jobs="BRD" levels="1"  />
<s sid="197" targets="AOEME,TARGET" name="Knight's Minne II" off="Minne effect wears off" custombtxt0="Dummy Song" custombval0="" custombtxt1="" custombval1="" on="gains the effect of Minne" prefix="/ma" type="Song" range="2" rangeAOE="10" requires=",JA:Pianissimo" jobs="BRD" levels="21"  />
<s sid="197" targets="AOEME,TARGET" name="Knight's Minne III" off="Minne effect wears off" custombtxt0="Dummy Song" custombval0="" custombtxt1="" custombval1="" on="gains the effect of Minne" prefix="/ma" type="Song" range="2" rangeAOE="10" requires=",JA:Pianissimo" jobs="BRD" levels="41"  />
<s sid="197" targets="AOEME,TARGET" name="Knight's Minne IV" off="Minne effect wears off" custombtxt0="Dummy Song" custombval0="" custombtxt1="" custombval1="" on="gains the effect of Minne" prefix="/ma" type="Song" range="2" rangeAOE="10" requires=",JA:Pianissimo" jobs="BRD" levels="61"  />
<s sid="215" targets="TARGET" name="Learned Etude" off="Etude effect wears off" custombtxt0="" custombval0="" custombtxt1="" custombval1="" on="gains the effect of Etude" prefix="/ma" type="Song" range="2" rangeAOE="10" requires="" jobs="BRD" levels="26"  />
<s sid="216" targets="AOEME,TARGET" name="Light Carol" off="Carol effect wears off" custombtxt0="Dummy Song" custombval0="" custombtxt1="" custombval1="" on="gains the effect of Carol" prefix="/ma" type="Song" range="2" rangeAOE="10" requires=",JA:Pianissimo" jobs="BRD" levels="36"  />
<s sid="217" targets="ENEMY" name="Light Threnody" off="Threnody effect wears off" custombtxt0="" custombval0="" custombtxt1="" custombval1="" on="gains the effect of Threnody" prefix="/ma" type="Song" range="2" rangeAOE="10" requires="" jobs="BRD" levels="10"  />
<s sid="216" targets="AOEME,TARGET" name="Lightning Carol" off="Carol effect wears off" custombtxt0="Dummy Song" custombval0="" custombtxt1="" custombval1="" on="gains the effect of Carol" prefix="/ma" type="Song" range="2" rangeAOE="10" requires=",JA:Pianissimo" jobs="BRD" levels="48"  />
<s sid="215" targets="TARGET" name="Logical Etude" off="Etude effect wears off" custombtxt0="" custombval0="" custombtxt1="" custombval1="" on="gains the effect of Etude" prefix="/ma" type="Song" range="2" rangeAOE="10" requires="" jobs="BRD" levels="64"  />
<s sid="217" targets="ENEMY" name="Ltng. Threnody" off="Carol effect wears off" custombtxt0="" custombval0="" custombtxt1="" custombval1="" on="gains the effect of Carol" prefix="/ma" type="Song" range="2" rangeAOE="10" requires="" jobs="BRD" levels="24"  />
<s sid="196" targets="AOEME,TARGET" name="Mage's Ballad" off="Ballad effect wears off" custombtxt0="Dummy Song" custombval0="" custombtxt1="" custombval1="" on="gains the effect of Ballad" prefix="/ma" type="Song" range="2" rangeAOE="10" requires=",JA:Pianissimo" jobs="BRD" levels="25"  />
<s sid="196" targets="AOEME,TARGET" name="Mage's Ballad II" off="Ballad effect wears off" custombtxt0="Dummy Song" custombval0="" custombtxt1="" custombval1="" on="gains the effect of Ballad" prefix="/ma" type="Song" range="2" rangeAOE="10" requires=",JA:Pianissimo" jobs="BRD" levels="55"  />
<s sid="196" targets="AOEME,TARGET" name="Mage's Ballad III" off="Ballad effect wears off" custombtxt0="Dummy Song" custombval0="" custombtxt1="" custombval1="" on="gains the effect of Ballad" prefix="/ma" type="Song" range="2" rangeAOE="10" requires=",JA:Pianissimo" jobs="BRD" levels="85"  />
<s sid="" targets="ENEMY" name="Magic Finale" off="" custombtxt0="" custombval0="" custombtxt1="" custombval1="" on="" prefix="/ma" type="Song" range="2" rangeAOE="10" requires="" jobs="BRD" levels="33"  />
<s sid="" targets="ENEMY" name="Maiden's Virelai" off="" custombtxt0="" custombval0="" custombtxt1="" custombval1="" on="" prefix="/ma" type="Song" range="2" rangeAOE="10" requires="" jobs="BRD" levels="75"  />
<s sid="206" targets="AOEME,TARGET" name="Puppet's Operetta" off="Operetta effect wears off" custombtxt0="Dummy Song" custombval0="" custombtxt1="" custombval1="" on="gains the effect of Operetta" prefix="/ma" type="Song" range="2" rangeAOE="10" requires=",JA:Pianissimo" jobs="BRD" levels="69"  />
<s sid="215" targets="TARGET" name="Quick Etude" off="Etude effect wears off" custombtxt0="" custombval0="" custombtxt1="" custombval1="" on="gains the effect of Etude" prefix="/ma" type="Song" range="2" rangeAOE="10" requires="" jobs="BRD" levels="28"  />
<s sid="219" targets="AOEME,TARGET" name="Raptor Mazurka" off="Mazurka effect wears off" custombtxt0="Dummy Song" custombval0="" custombtxt1="" custombval1="" on="gains the effect of Mazurka" prefix="/ma" type="Song" range="2" rangeAOE="10" requires=",JA:Pianissimo" jobs="BRD" levels="37"  />
<s sid="215" targets="TARGET" name="Sage Etude" off="Etude effect wears off" custombtxt0="" custombval0="" custombtxt1="" custombval1="" on="gains the effect of Etude" prefix="/ma" type="Song" range="2" rangeAOE="10" requires="" jobs="BRD" levels="66"  />
<s sid="206" targets="AOEME,TARGET" name="Scop's Operetta" off="Operetta effect wears off" custombtxt0="Dummy Song" custombval0="" custombtxt1="" custombval1="" on="gains the effect of Operetta" prefix="/ma" type="Song" range="2" rangeAOE="10" requires=",JA:Pianissimo" jobs="BRD" levels="19"  />
<s sid="222" targets="AOEME,TARGET" name="Sentinel's Scherzo" off="Scherzo effect wears off" custombtxt0="Dummy Song" custombval0="" custombtxt1="" custombval1="" on="gains the effect of Scherzo" prefix="/ma" type="Song" range="2" rangeAOE="10" requires=",JA:Pianissimo" jobs="BRD" levels="82"  />
<s sid="201" targets="AOEME,TARGET" name="Sheepfoe Mambo" off="Mambo effect wears off" custombtxt0="Dummy Song" custombval0="" custombtxt1="" custombval1="" on="gains the effect of Mambo" prefix="/ma" type="Song" range="2" rangeAOE="10" requires=",JA:Pianissimo" jobs="BRD" levels="13"  />
<s sid="205" targets="AOEME,TARGET" name="Shining Fantasia" off="Fantasia effect wears off" custombtxt0="Dummy Song" custombval0="" custombtxt1="" custombval1="" on="gains the effect of Fantasia" prefix="/ma" type="Song" range="2" rangeAOE="10" requires=",JA:Pianissimo" jobs="BRD" levels="56"  />
<s sid="215" targets="TARGET" name="Sinewy Etude" off="Etude effect wears off" custombtxt0="" custombval0="" custombtxt1="" custombval1="" on="gains the effect of Etude" prefix="/ma" type="Song" range="2" rangeAOE="10" requires="" jobs="BRD" levels="34"  />
<s sid="215" targets="TARGET" name="Spirited Etude" off="Etude effect wears off" custombtxt0="" custombval0="" custombtxt1="" custombval1="" on="gains the effect of Etude" prefix="/ma" type="Song" range="2" rangeAOE="10" requires="" jobs="BRD" levels="24"  />
<s sid="215" targets="AOEME,TARGET" name="Swift Etude" off="Etude effect wears off" custombtxt0="Dummy Song" custombval0="" custombtxt1="" custombval1="" on="gains the effect of Etude" prefix="/ma" type="Song" range="2" rangeAOE="10" requires=",JA:Pianissimo" jobs="BRD" levels="68"  />
<s sid="199" targets="AOEME,TARGET" name="Sword Madrigal" off="Madrigal effect wears off" custombtxt0="Dummy Song" custombval0="" custombtxt1="" custombval1="" on="gains the effect of Madrigal" prefix="/ma" type="Song" range="2" rangeAOE="10" requires=",JA:Pianissimo" jobs="BRD" levels="11"  />
<s sid="215" targets="TARGET" name="Uncanny Etude" off="Etude effect wears off" custombtxt0="" custombval0="" custombtxt1="" custombval1="" on="gains the effect of Etude" prefix="/ma" type="Song" range="2" rangeAOE="10" requires="" jobs="BRD" levels="72"  />
<s sid="198" targets="AOEME,TARGET" name="Valor Minuet" off="Minuet effect wears off" custombtxt0="Dummy Song" custombval0="" custombtxt1="" custombval1="" on="gains the effect of Minuet" prefix="/ma" type="Song" range="2" rangeAOE="10" requires=",JA:Pianissimo" jobs="BRD" levels="3"  />
<s sid="198" targets="AOEME,TARGET" name="Valor Minuet II" off="Minuet effect wears off" custombtxt0="Dummy Song" custombval0="" custombtxt1="" custombval1="" on="gains the effect of Minuet" prefix="/ma" type="Song" range="2" rangeAOE="10" requires=",JA:Pianissimo" jobs="BRD" levels="23"  />
<s sid="198" targets="AOEME,TARGET" name="Valor Minuet III" off="Minuet effect wears off" custombtxt0="Dummy Song" custombval0="" custombtxt1="" custombval1="" on="gains the effect of Minuet" prefix="/ma" type="Song" range="2" rangeAOE="10" requires=",JA:Pianissimo" jobs="BRD" levels="43"  />
<s sid="198" targets="AOEME,TARGET" name="Valor Minuet IV" off="Minuet effect wears off" custombtxt0="Dummy Song" custombval0="" custombtxt1="" custombval1="" on="gains the effect of Minuet" prefix="/ma" type="Song" range="2" rangeAOE="10" requires=",JA:Pianissimo" jobs="BRD" levels="63"  />
<s sid="198" targets="AOEME,TARGET" name="Valor Minuet V" off="Minuet effect wears off" custombtxt0="Dummy Song" custombval0="" custombtxt1="" custombval1="" on="gains the effect of Minuet" prefix="/ma" type="Song" range="2" rangeAOE="10" requires=",JA:Pianissimo" jobs="BRD" levels="87"  />
<s sid="214" targets="AOEME,TARGET" name="Victory March" off="March effect wears off" custombtxt0="Dummy Song" custombval0="" custombtxt1="" custombval1="" on="gains the effect of March" prefix="/ma" type="Song" range="2" rangeAOE="10" requires=",JA:Pianissimo" jobs="BRD" levels="60"  />
<s sid="215" targets="TARGET" name="Vital Etude" off="Etude effect wears off" custombtxt0="" custombval0="" custombtxt1="" custombval1="" on="gains the effect of Etude" prefix="/ma" type="Song" range="2" rangeAOE="10" requires="" jobs="BRD" levels="70"  />
<s sid="215" targets="TARGET" name="Vivacious Etude" off="Etude effect wears off" custombtxt0="" custombval0="" custombtxt1="" custombval1="" on="gains the effect of Etude" prefix="/ma" type="Song" range="2" rangeAOE="10" requires="" jobs="BRD" levels="30"  />
<s sid="209" targets="AOEME,TARGET" name="Warding Round" off="Round effect wears off" custombtxt0="Dummy Song" custombval0="" custombtxt1="" custombval1="" on="gains the effect of Round" prefix="/ma" type="Song" range="2" rangeAOE="10" requires=",JA:Pianissimo" jobs="BRD" levels="73"  />
<s sid="216" targets="AOEME,TARGET" name="Water Carol" off="Carol effect wears off" custombtxt0="Dummy Song" custombval0="" custombtxt1="" custombval1="" on="gains the effect of Carol" prefix="/ma" type="Song" range="2" rangeAOE="10" requires=",JA:Pianissimo" jobs="BRD" levels="40"  />
<s sid="216" targets="AOEME,TARGET" name="Water Carol II" off="Carol effect wears off" custombtxt0="Dummy Song" custombval0="" custombtxt1="" custombval1="" on="gains the effect of Carol" prefix="/ma" type="Song" range="2" rangeAOE="10" requires=",JA:Pianissimo" jobs="BRD" levels="84"  />
<s sid="217" targets="ENEMY" name="Water Threnody" off="Threnody effect wears off" custombtxt0="" custombval0="" custombtxt1="" custombval1="" on="gains the effect of Threnody" prefix="/ma" type="Song" range="2" rangeAOE="10" requires="" jobs="BRD" levels="16"  />
<s sid="216" targets="AOEME,TARGET" name="Wind Carol" off="Carol effect wears off" custombtxt0="Dummy Song" custombval0="" custombtxt1="" custombval1="" on="gains the effect of Carol" prefix="/ma" type="Song" range="2" rangeAOE="10" requires=",JA:Pianissimo" jobs="BRD" levels="42"  />
<s sid="216" targets="AOEME,TARGET" name="Wind Carol II" off="Carol effect wears off" custombtxt0="Dummy Song" custombval0="" custombtxt1="" custombval1="" on="gains the effect of Carol" prefix="/ma" type="Song" range="2" rangeAOE="10" requires=",JA:Pianissimo" jobs="BRD" levels="87"  />
<s sid="217" targets="ENEMY" name="Wind Threnody" off="Threnody effect wears off" custombtxt0="" custombval0="" custombtxt1="" custombval1="" on="gains the effect of Threnody" prefix="/ma" type="Song" range="2" rangeAOE="10" requires="" jobs="BRD" levels="18"  />
<s sid="" targets="TARGET,AOE" name="Blindna" off="" custombtxt0="" custombval0="" custombtxt1="" custombval1="" on="" prefix="/ma" type="StatusEffectRemoval" range="20" rangeAOE="15" requires=",JA:Accession" jobs="WHM" levels="14"  />
<s sid="" targets="TARGET,AOE" name="Cursna" off="" custombtxt0="" custombval0="" custombtxt1="" custombval1="" on="" prefix="/ma" type="StatusEffectRemoval" range="20" rangeAOE="15" requires=",JA:Accession" jobs="WHM" levels="29"  />
<s sid="" targets="TARGET,AOE" name="Erase" off="" custombtxt0="" custombval0="" custombtxt1="" custombval1="" on="" prefix="/ma" type="StatusEffectRemoval" range="20" rangeAOE="15" requires=",JA:Accession" jobs="WHM" levels="32"  />
<s sid="" targets="AOEME" name="Esuna" off="" custombtxt0="" custombval0="" custombtxt1="" custombval1="" on="" prefix="/ma" type="StatusEffectRemoval" range="4" rangeAOE="" requires="" jobs="WHM" levels="61"  />
<s sid="" targets="TARGET,AOE" name="Paralyna" off="" custombtxt0="" custombval0="" custombtxt1="" custombval1="" on="" prefix="/ma" type="StatusEffectRemoval" range="20" rangeAOE="15" requires=",JA:Accession" jobs="WHM" levels="9"  />
<s sid="" targets="TARGET,AOE" name="Poisona" off="" custombtxt0="" custombval0="" custombtxt1="" custombval1="" on="" prefix="/ma" type="StatusEffectRemoval" range="20" rangeAOE="15" requires=",JA:Accession" jobs="WHM" levels="6"  />
<s sid="" targets="AOEME" name="Sacrifice" off="" custombtxt0="" custombval0="" custombtxt1="" custombval1="" on="" prefix="/ma" type="StatusEffectRemoval" range="4" rangeAOE="" requires="" jobs="WHM" levels="65"  />
<s sid="" targets="TARGET,AOE" name="Silena" off="" custombtxt0="" custombval0="" custombtxt1="" custombval1="" on="" prefix="/ma" type="StatusEffectRemoval" range="20" rangeAOE="15" requires=",JA:Accession" jobs="WHM" levels="19"  />
<s sid="" targets="TARGET,AOE" name="Stona" off="" custombtxt0="" custombval0="" custombtxt1="" custombval1="" on="" prefix="/ma" type="StatusEffectRemoval" range="20" rangeAOE="15" requires=",JA:Accession" jobs="WHM" levels="39"  />
<s sid="" targets="TARGET,AOE" name="Viruna" off="" custombtxt0="" custombval0="" custombtxt1="" custombval1="" on="" prefix="/ma" type="StatusEffectRemoval" range="20" rangeAOE="15" requires=",JA:Accession" jobs="WHM" levels="34"  />


</spells>
