<?xml version="1.0" encoding="UTF-8"?>
<jobabilities>
<j jobid="757" ssid="417" tsid="" stype="" name="Afflatus Solace" TP="" alwayson="TRUE" group="Healing Stance" grouptype="1" visible="" targets="SELF" range="" rangeAOE="" requires="" criteria="" logic="" value="" value2="" prefix="/ja" mainonly="TRUE" on="" off="" waittime="2" jobs="WHM" levels="40"  />
<j jobid="758" ssid="418" tsid="" stype="" name="Afflatus Misery" TP="" alwayson="TRUE" group="Healing Stance" grouptype="1" visible="" targets="SELF" range="" rangeAOE="" requires="" criteria="" logic="" value="" value2="" prefix="/ja" mainonly="TRUE" on="" off="" waittime="2" jobs="WHM" levels="40"  />
<j jobid="530" ssid="" tsid="" stype="" name="Benediction" TP="" alwayson="" group="White Mage Abilities" grouptype="" visible="" targets="SELF" range="" rangeAOE="" requires="" criteria="PTHPP,MPP" logic="L,L" value="20" value2="5" prefix="/ja" mainonly="TRUE" on="" off="" waittime="2" jobs="WHM" levels="1"  />
<j jobid="586" ssid="78" tsid="" stype="" name="Divine Seal" TP="" alwayson="" group="White Mage Abilities" grouptype="" visible="FALSE" targets="SELF" range="" rangeAOE="" requires="" criteria="" logic="" value="" value2="" prefix="/ja" mainonly="" on="" off="" waittime="2" jobs="WHM" levels="15"  />
<j jobid="666" ssid="" tsid="" stype="" name="Devotion" TP="" alwayson="" group="White Mage Abilities" grouptype="" visible="" targets="TARGETEX" range="" rangeAOE="" requires="" criteria="MPP" logic="L" value="20" value2="" prefix="/ja" mainonly="" on="" off="" waittime="2" jobs="WHM" levels="75"  />
<j jobid="665" ssid="" tsid="" stype="" name="Martyr" TP="" alwayson="" group="White Mage Abilities" grouptype="" visible="" targets="TARGETEX" range="" rangeAOE="" requires="" criteria="THPP" logic="" value="" value2="" prefix="/ja" mainonly="" on="" off="" waittime="2" jobs="WHM" levels="75"  />
<j jobid="782" ssid="453" tsid="" stype="" name="Divine Caress" TP="" alwayson="" group="White Mage Abilities" grouptype="" visible="" targets="SELF" range="" rangeAOE="" requires="" criteria="" logic="" value="" value2="" prefix="/ja" mainonly="" on="" off="" waittime="2" jobs="WHM" levels="83"  />
<j jobid="783" ssid="477" tsid="" stype="" name="Sacrosanctity" TP="" alwayson="" group="White Mage Abilities" grouptype="" visible="" targets="AOEME" range="" rangeAOE="" requires="" criteria="PTHPP" logic="L" value="30" value2="" prefix="/ja" mainonly="" on="" off="" waittime="2" jobs="WHM" levels="95"  />
<j jobid="837" ssid="492" tsid="" stype="" name="Asylum" TP="" alwayson="" group="White Mage Abilities" grouptype="" visible="FALSE" targets="SELF" range="" rangeAOE="" requires="" criteria="" logic="" value="" value2="" prefix="/ja" mainonly="TRUE" on="" off="" waittime="2" jobs="WHM" levels="96"  />
<j jobid="532" ssid="48" tsid="" stype="" name="Chainspell" TP="" alwayson="" group="Red Mage Abilities" grouptype="" visible="" targets="SELF" range="" rangeAOE="" requires="" criteria="" logic="" value="" value2="" prefix="/ja" mainonly="TRUE" on="" off="" waittime="2" jobs="RDM" levels="1"  />
<j jobid="595" ssid="" tsid="" stype="" name="Convert" TP="" alwayson="TRUE" group="Red Mage Abilities" grouptype="" visible="" targets="SELF" range="" rangeAOE="" requires="" criteria="MPP" logic="L" value="10" value2="" prefix="/ja" mainonly="" on="" off="" waittime="2" jobs="RDM" levels="40"  />
<j jobid="759" ssid="419" tsid="" stype="" name="Composure" TP="" alwayson="TRUE" group="Red Mage Abilities" grouptype="" visible="" targets="SELF" range="" rangeAOE="" requires="" criteria="" logic="" value="" value2="" prefix="/ja" mainonly="" on="" off="" waittime="2" jobs="RDM" levels="50"  />
<j jobid="786" ssid="454" tsid="" stype="" name="Saboteur" TP="" alwayson="" group="Red Mage Abilities" grouptype="" visible="" targets="SELF" range="" rangeAOE="" requires="" criteria="" logic="" value="" value2="" prefix="/ja" mainonly="" on="" off="" waittime="2" jobs="RDM" levels="83"  />
<j jobid="787" ssid="230" tsid="" stype="" name="Spontaneity" TP="" alwayson="" group="Red Mage Abilities" grouptype="" visible="" targets="SELF" range="" rangeAOE="" requires="" criteria="" logic="" value="" value2="" prefix="/ja" mainonly="" on="" off="" waittime="2" jobs="RDM" levels="95"  />
<j jobid="839" ssid="494" tsid="" stype="" name="Stymie" TP="" alwayson="" group="Red Mage Abilities" grouptype="" visible="" targets="SELF" range="" rangeAOE="" requires="" criteria="" logic="" value="" value2="" prefix="/ja" mainonly="TRUE" on="" off="" waittime="2" jobs="RDM" levels="96"  />
<j jobid="722" ssid="377" tsid="" stype="" name="Tabula Rasa" TP="" alwayson="" group="Scholar Abilities" grouptype="" visible="FALSE" targets="SELF" range="" rangeAOE="" requires="" criteria="" logic="" value="" value2="" prefix="/ja" mainonly="TRUE" on="" off="" waittime="2" jobs="SCH" levels="1"  />
<j jobid="723" ssid="358" tsid="401" stype="" name="Light Arts" TP="" alwayson="TRUE" group="Scholar Abilities" grouptype="" visible="" targets="SELF" range="" rangeAOE="" requires="" criteria="" logic="" value="" value2="" prefix="/ja" mainonly="" on="" off="" waittime="2" jobs="SCH" levels="10"  />
<j jobid="724" ssid="359" tsid="402" stype="" name="Dark Arts" TP="" alwayson="TRUE" group="Scholar Abilities" grouptype="" visible="" targets="SELF" range="" rangeAOE="" requires="" criteria="" logic="" value="" value2="" prefix="/ja" mainonly="" on="" off="" waittime="2" jobs="SCH" levels="10"  />
<j jobid="745" ssid="187" tsid="188" stype="2" name="Sublimation" TP="" alwayson="TRUE" group="Scholar Abilities" grouptype="" visible="" targets="SELF" range="" rangeAOE="" requires="" criteria="MPP" logic="L" value="70" value2="" prefix="/ja" mainonly="" on="" off="" waittime="2" jobs="SCH" levels="35"  />
<j jobid="726" ssid="" tsid="" stype="" name="Modus Veritas" TP="" alwayson="" group="Scholar Abilities" grouptype="" visible="FALSE" targets="SELF" range="" rangeAOE="" requires="" criteria="" logic="" value="" value2="" prefix="/ja" mainonly="" on="" off="" waittime="2" jobs="SCH" levels="65"  />
<j jobid="756" ssid="416" tsid="" stype="" name="Enlightenment" TP="" alwayson="" group="Scholar Abilities" grouptype="" visible="FALSE" targets="SELF" range="" rangeAOE="" requires="" criteria="" logic="" value="" value2="" prefix="/ja" mainonly="" on="" off="" waittime="2" jobs="SCH" levels="75"  />
<j jobid="777" ssid="" tsid="" stype="" name="Libra" TP="" alwayson="" group="Scholar Abilities" grouptype="" visible="FALSE" targets="SELF" range="" rangeAOE="" requires="" criteria="" logic="" value="" value2="" prefix="/ja" mainonly="" on="" off="" waittime="2" jobs="SCH" levels="76"  />
<j jobid="854" ssid="" tsid="" stype="" name="Caper Emissarius" TP="" alwayson="" group="Scholar Abilities" grouptype="" visible="FALSE" targets="SELF" range="" rangeAOE="" requires="" criteria="" logic="" value="" value2="" prefix="/ja" mainonly="TRUE" on="" off="" waittime="2" jobs="SCH" levels="96"  />
<j jobid="727" ssid="360" tsid="" stype="" name="Penury" TP="" alwayson="" group="Light Arts" grouptype="" visible="FALSE" targets="SELF" range="" rangeAOE="" requires="JA:Light Arts" criteria="STG" logic="G" value="0" value2="" prefix="/ja" mainonly="" on="" off="" waittime="2" jobs="SCH" levels="10"  />
<j jobid="746" ssid="401" tsid="" stype="1" name="Addendum: White" TP="" alwayson="" group="Light Arts" grouptype="" visible="FALSE" targets="SELF" range="" rangeAOE="" requires="JA:Light Arts" criteria="STG" logic="G" value="0" value2="" prefix="/ja" mainonly="" on="" off="" waittime="2" jobs="SCH" levels="10"  />
<j jobid="728" ssid="362" tsid="" stype="1" name="Celerity" TP="" alwayson="" group="Light Arts" grouptype="" visible="FALSE" targets="SELF" range="" rangeAOE="" requires="JA:Light Arts" criteria="STG" logic="G" value="0" value2="" prefix="/ja" mainonly="" on="" off="" waittime="2" jobs="SCH" levels="25"  />
<j jobid="730" ssid="366" tsid="" stype="1" name="Accession" TP="" alwayson="" group="Light Arts" grouptype="" visible="FALSE" targets="SELF" range="" rangeAOE="" requires="JA:Light Arts" criteria="STG" logic="G" value="0" value2="" prefix="/ja" mainonly="" on="" off="" waittime="2" jobs="SCH" levels="40"  />
<j jobid="729" ssid="364" tsid="" stype="1" name="Rapture" TP="" alwayson="" group="Light Arts" grouptype="" visible="FALSE" targets="SELF" range="" rangeAOE="" requires="JA:Light Arts" criteria="STG" logic="G" value="0" value2="" prefix="/ja" mainonly="" on="" off="" waittime="2" jobs="SCH" levels="55"  />
<j jobid="752" ssid="412" tsid="" stype="1" name="Altruism" TP="" alwayson="" group="Light Arts" grouptype="" visible="FALSE" targets="SELF" range="" rangeAOE="" requires="JA:Light Arts" criteria="STG" logic="G" value="0" value2="" prefix="/ja" mainonly="" on="" off="" waittime="2" jobs="SCH" levels="75"  />
<j jobid="754" ssid="414" tsid="" stype="1" name="Tranquility" TP="" alwayson="" group="Light Arts" grouptype="" visible="FALSE" targets="SELF" range="" rangeAOE="" requires="JA:Light Arts" criteria="STG" logic="G" value="0" value2="" prefix="/ja" mainonly="" on="" off="" waittime="2" jobs="SCH" levels="75"  />
<j jobid="828" ssid="469" tsid="" stype="1" name="Perpetuance" TP="" alwayson="" group="Light Arts" grouptype="" visible="FALSE" targets="SELF" range="" rangeAOE="" requires="JA:Light Arts" criteria="STG" logic="G" value="0" value2="" prefix="/ja" mainonly="" on="" off="" waittime="2" jobs="SCH" levels="87"  />
<j jobid="731" ssid="361" tsid="" stype="1" name="Parsimony" TP="" alwayson="" group="Dark Arts" grouptype="" visible="FALSE" targets="SELF" range="" rangeAOE="" requires="JA:Dark Arts" criteria="STG" logic="G" value="0" value2="" prefix="/ja" mainonly="" on="" off="" waittime="2" jobs="SCH" levels="10"  />
<j jobid="732" ssid="363" tsid="" stype="1" name="Alacrity" TP="" alwayson="" group="Dark Arts" grouptype="" visible="FALSE" targets="SELF" range="" rangeAOE="" requires="JA:Dark Arts" criteria="STG" logic="G" value="0" value2="" prefix="/ja" mainonly="" on="" off="" waittime="2" jobs="SCH" levels="25"  />
<j jobid="747" ssid="402" tsid="" stype="1" name="Addendum: Black" TP="" alwayson="" group="Dark Arts" grouptype="" visible="FALSE" targets="SELF" range="" rangeAOE="" requires="JA:Dark Arts" criteria="STG" logic="G" value="0" value2="" prefix="/ja" mainonly="" on="" off="" waittime="2" jobs="SCH" levels="30"  />
<j jobid="734" ssid="367" tsid="" stype="1" name="Manifestation" TP="" alwayson="" group="Dark Arts" grouptype="" visible="FALSE" targets="SELF" range="" rangeAOE="" requires="JA:Dark Arts" criteria="STG" logic="G" value="0" value2="" prefix="/ja" mainonly="" on="" off="" waittime="2" jobs="SCH" levels="40"  />
<j jobid="733" ssid="365" tsid="" stype="1" name="Ebullience" TP="" alwayson="" group="Dark Arts" grouptype="" visible="FALSE" targets="SELF" range="" rangeAOE="" requires="JA:Dark Arts" criteria="STG" logic="G" value="0" value2="" prefix="/ja" mainonly="" on="" off="" waittime="2" jobs="SCH" levels="55"  />
<j jobid="753" ssid="413" tsid="" stype="1" name="Focalization" TP="" alwayson="" group="Dark Arts" grouptype="" visible="FALSE" targets="SELF" range="" rangeAOE="" requires="JA:Dark Arts" criteria="STG" logic="G" value="0" value2="" prefix="/ja" mainonly="" on="" off="" waittime="2" jobs="SCH" levels="75"  />
<j jobid="755" ssid="415" tsid="" stype="1" name="Equanimity" TP="" alwayson="" group="Dark Arts" grouptype="" visible="FALSE" targets="SELF" range="" rangeAOE="" requires="JA:Dark Arts" criteria="STG" logic="G" value="0" value2="" prefix="/ja" mainonly="" on="" off="" waittime="2" jobs="SCH" levels="75"  />
<j jobid="829" ssid="470" tsid="" stype="1" name="Immanence" TP="" alwayson="" group="Dark Arts" grouptype="" visible="FALSE" targets="SELF" range="" rangeAOE="" requires="JA:Dark Arts" criteria="STG" logic="G" value="0" value2="" prefix="/ja" mainonly="" on="" off="" waittime="2" jobs="SCH" levels="87"  />
<j jobid="537" ssid="52" tsid="" stype="" name="Soul Voice" TP="" alwayson="" group="Bard Abilities" grouptype="" visible="FALSE" targets="SELF" range="" rangeAOE="" requires="" criteria="" logic="" value="" value2="" prefix="/ja" mainonly="TRUE" on="" off="" waittime="2" jobs="BRD" levels="1"  />
<j jobid="741" ssid="409" tsid="" stype="" name="Pianissimo" TP="" alwayson="" group="Bard Abilities" grouptype="" visible="FALSE" targets="SELF" range="" rangeAOE="" requires="" criteria="" logic="" value="" value2="" prefix="/ja" mainonly="" on="" off="" waittime="2" jobs="BRD" levels="20"  />
<j jobid="675" ssid="347" tsid="" stype="" name="Nightingale" TP="" alwayson="" group="Bard Abilities" grouptype="" visible="FALSE" targets="SELF" range="" rangeAOE="" requires="" criteria="" logic="" value="" value2="" prefix="/ja" mainonly="" on="" off="" waittime="2" jobs="BRD" levels="75"  />
<j jobid="676" ssid="348" tsid="" stype="" name="Troubadour" TP="" alwayson="" group="Bard Abilities" grouptype="" visible="FALSE" targets="SELF" range="" rangeAOE="" requires="" criteria="" logic="" value="" value2="" prefix="/ja" mainonly="" on="" off="" waittime="2" jobs="BRD" levels="75"  />
<j jobid="795" ssid="455" tsid="" stype="" name="Tenuto" TP="" alwayson="" group="Bard Abilities" grouptype="" visible="FALSE" targets="SELF" range="" rangeAOE="" requires="" criteria="" logic="" value="" value2="" prefix="/ja" mainonly="" on="" off="" waittime="2" jobs="BRD" levels="83"  />
<j jobid="796" ssid="231" tsid="" stype="" name="Marcato" TP="" alwayson="" group="Bard Abilities" grouptype="" visible="FALSE" targets="SELF" range="" rangeAOE="" requires="" criteria="" logic="" value="" value2="" prefix="/ja" mainonly="" on="" off="" waittime="2" jobs="BRD" levels="95"  />
<j jobid="844" ssid="499" tsid="" stype="" name="Clarion Call" TP="" alwayson="" group="Bard Abilities" grouptype="" visible="FALSE" targets="SELF" range="" rangeAOE="" requires="" criteria="" logic="" value="" value2="" prefix="/ja" mainonly="" on="" off="" waittime="2" jobs="BRD" levels="96"  />
<j jobid="855" ssid="" tsid="" stype="" name="Bolster" TP="" alwayson="" group="Geomancer Abilities" grouptype="" visible="" targets="SELF" range="" rangeAOE="" requires="" criteria="" logic="" value="" value2="" prefix="/ja" mainonly="TRUE" on="" off="" waittime="2" jobs="GEO" levels="1"  />
<j jobid="857" ssid="" tsid="" stype="" name="Full Circle" TP="" alwayson="" group="Geomancer Abilities" grouptype="" visible="FALSE" targets="SELF" range="" rangeAOE="" requires="" criteria="PHPP" logic="G" value="0" value2="" prefix="/ja" mainonly="" on="" off="" waittime="2" jobs="GEO" levels="5"  />
<j jobid="858" ssid="515" tsid="" stype="" name="Lasting Emanation" TP="" alwayson="" group="Geomancer Abilities" grouptype="" visible="" targets="SELF" range="" rangeAOE="" requires="" criteria="PHPP" logic="G" value="0" value2="" prefix="/ja" mainonly="" on="" off="" waittime="2" jobs="GEO" levels="25"  />
<j jobid="859" ssid="516" tsid="" stype="" name="Ecliptic Attrition" TP="" alwayson="" group="Geomancer Abilities" grouptype="" visible="" targets="SELF" range="" rangeAOE="" requires="" criteria="PHPP" logic="G" value="0" value2="" prefix="/ja" mainonly="" on="" off="" waittime="2" jobs="GEO" levels="25"  />
<j jobid="860" ssid="517" tsid="" stype="" name="Collimated Fervor" TP="" alwayson="" group="Geomancer Abilities" grouptype="" visible="FALSE" targets="SELF" range="" rangeAOE="" requires="" criteria="" logic="" value="" value2="" prefix="/ja" mainonly="" on="" off="" waittime="2" jobs="GEO" levels="40"  />
<j jobid="861" ssid="" tsid="" stype="" name="Life Cycle" TP="" alwayson="" group="Geomancer Abilities" grouptype="" visible="" targets="SELF" range="" rangeAOE="" requires="" criteria="PHPP,PHPP" logic="G,L" value="0" value2="70" prefix="/ja" mainonly="" on="" off="" waittime="2" jobs="GEO" levels="50"  />
<j jobid="862" ssid="569" tsid="" stype="" name="Blaze of Glory" TP="" alwayson="" group="Geomancer Abilities" grouptype="" visible="" targets="SELF" range="" rangeAOE="" requires="" criteria="PHPP" logic="E" value="0" value2="" prefix="/ja" mainonly="" on="" off="" waittime="2" jobs="GEO" levels="60"  />
<j jobid="863" ssid="518" tsid="" stype="" name="Dematerialize" TP="" alwayson="" group="Geomancer Abilities" grouptype="" visible="" targets="SELF" range="" rangeAOE="" requires="" criteria="PHPP" logic="L" value="80" value2="" prefix="/ja" mainonly="" on="" off="" waittime="2" jobs="GEO" levels="70"  />
<j jobid="866" ssid="" tsid="" stype="" name="Mending Halation" TP="" alwayson="" group="Geomancer Abilities" grouptype="" visible="FALSE" targets="SELF" range="" rangeAOE="" requires="" criteria="" logic="" value="" value2="" prefix="/ja" mainonly="" on="" off="" waittime="2" jobs="GEO" levels="75"  />
<j jobid="867" ssid="" tsid="" stype="200" name="Radial Arcana" TP="" alwayson="" group="Geomancer Abilities" grouptype="" visible="" targets="SELF" range="" rangeAOE="9" requires="" criteria="TMPP,PHPP" logic="L,G" value="60" value2="0" prefix="/ja" mainonly="" on="" off="" waittime="2" jobs="GEO" levels="75"  />
<j jobid="898" ssid="" tsid="" stype="" name="Entrust" TP="" alwayson="" group="Geomancer Abilities" grouptype="" visible="FALSE" targets="SELF" range="" rangeAOE="" requires="" criteria="" logic="" value="" value2="" prefix="/ja" mainonly="" on="" off="" waittime="2" jobs="GEO" levels="75"  />
<j jobid="864" ssid="519" tsid="" stype="" name="Theurgic Focus" TP="" alwayson="" group="Geomancer Abilities" grouptype="" visible="FALSE" targets="SELF" range="" rangeAOE="" requires="" criteria="" logic="" value="" value2="" prefix="/ja" mainonly="" on="" off="" waittime="2" jobs="GEO" levels="80"  />
<j jobid="865" ssid="" tsid="" stype="" name="Concentric Pulse" TP="" alwayson="" group="Geomancer Abilities" grouptype="" visible="FALSE" targets="SELF" range="" rangeAOE="" requires="" criteria="" logic="" value="" value2="" prefix="/ja" mainonly="" on="" off="" waittime="2" jobs="GEO" levels="90"  />
<j jobid="889" ssid="508" tsid="" stype="" name="Widened Compass" TP="" alwayson="" group="Geomancer Abilities" grouptype="" visible="FALSE" targets="SELF" range="" rangeAOE="" requires="" criteria="" logic="" value="" value2="" prefix="/ja" mainonly="" on="" off="" waittime="2" jobs="GEO" levels="96"  />
<j jobid="0" ssid="" tsid="" stype="" name="Chant du Cygne" TP="1000" alwayson="" group="Weaponskill" grouptype="" visible="" targets="ENEMY" range="" rangeAOE="" requires="" criteria="" logic="" value="" value2="" prefix="/ws" mainonly="" on="" off="" waittime="2" jobs="WAR,PLD,BLU,RDM" levels="5"  />
<j jobid="0" ssid="" tsid="" stype="" name="Rudra's Storm" TP="1000" alwayson="" group="Weaponskill" grouptype="" visible="" targets="ENEMY" range="" rangeAOE="" requires="" criteria="" logic="" value="" value2="" prefix="/ws" mainonly="" on="" off="" waittime="2" jobs="THF,DNC" levels="5"  />
</jobabilities>
