<?xml version="1.0" encoding="UTF-8"?>
     <spells>
	<s sid="40" mpcost="7" targets="Party" name="Protect V" off="Protect effect wears off." on="gains the effect of Protect." prefix="/ma" />
	<s sid="41" mpcost="7" targets="Party" name="Shell V" off="Shell effect wears off." on="gains the effect of Shell." prefix="/ma" />
	<s sid="40" mpcost="7" targets="Party" name="Protect IV" off="Protect effect wears off." on="gains the effect of Protect." prefix="/ma" />
	<s sid="41" mpcost="7" targets="Party" name="Shell IV" off="Shell effect wears off." on="gains the effect of Shell." prefix="/ma" />
	<s sid="40" mpcost="7" targets="Party" name="Protect III" off="Protect effect wears off." on="gains the effect of Protect." prefix="/ma" />
	<s sid="41" mpcost="7" targets="Party" name="Shell III" off="Shell effect wears off." on="gains the effect of Shell." prefix="/ma" />
	<s sid="40" mpcost="7" targets="Party" name="Protect II" off="Protect effect wears off." on="gains the effect of Protect." prefix="/ma" />
	<s sid="41" mpcost="7" targets="Party" name="Shell II" off="Shell effect wears off." on="gains the effect of Shell." prefix="/ma" />
	<s sid="40" mpcost="7" targets="Party" name="Protect" off="Protect effect wears off." on="gains the effect of Protect." prefix="/ma" />
	<s sid="41" mpcost="7" targets="Party" name="Shell" off="Shell effect wears off." on="gains the effect of Shell." prefix="/ma" />
	<s sid="33" mpcost="33" targets="Party" name="Haste II" off="Haste effect wears off." on="gains the effect of Haste" prefix="/ma" />
	<s sid="33" mpcost="33" targets="Party" name="Haste" off="Haste effect wears off." on="gains the effect of Haste" prefix="/ma" />
    <s sid="42" mpcost="33" targets="Party" name="Regen IV" off="Regen effect wears off." on="gains the effect of Regen" prefix="/ma" />
    <s sid="275" mpcost="33" targets="AOE" name="Auspice" off="Auspice effect wears off." on="gains the effect of Auspice" prefix="/ma" range="5" />
    <s sid="40" mpcost="33" targets="AOE" name="Protectra V" off="Protect effect wears off." on="gains the effect of Protect" prefix="/ma" range="5" />
    <s sid="41" mpcost="33" targets="AOE" name="Shellra V" off="Shell effect wears off." on="gains the effect of Shell" prefix="/ma" range="5" />
    <s sid="108" mpcost="33" targets="AOE" name="Barparalyzra" off="Barparalyze effect wears off." on="gains the effect of Barparalyze" prefix="/ma" range="5" />
     </spells>