<?xml version="1.0" encoding="UTF-8"?>
     <spells>
	<s mpcost="7" targets="Enemy" name="Dia" off="Dia effect wears off." on="" prefix="/ma"/>
	<s mpcost="30" targets="Enemy" name="Dia II" off="Dia effect wears off." on="" prefix="/ma"/>
	<s mpcost="45" targets="Enemy" name="Dia III" off="Dia effect wears off." on="" prefix="/ma"/>
    <s mpcost="45" targets="Enemy" name="Slow" off="slow effect wears off" on="@T is slowed." prefix="/ma"/>
    <s mpcost="45" targets="Enemy" name="Blind" off="no longer blinded" on="@T is paralyzed." prefix="/ma"/>
    <s mpcost="45" targets="Enemy" name="Paralyze" off="no longer paralyzed" on="@T is paralyzed." prefix="/ma"/>
    <s mpcost="45" targets="Enemy" name="Silence" off="no longer silenced" on="@T is paralyzed." prefix="/ma"/>
    <s mpcost="45" targets="Enemy" name="Gravity" off="no longer weighed down" on="@T is paralyzed." prefix="/ma"/>
    <s mpcost="45" targets="Enemy" name="Frazzle" off="Magic Evasion Down effect wears off" on="@T is paralyzed." prefix="/ma"/>
     </spells>
