<?xml version="1.0" encoding="UTF-8"?>
<weaponskills>
<w jobid="0" ssid="" tsid="" stype="" name="Fast Blade" tp="1000" alwayson="" group="SWORD" grouptype="" visible="" targets="ENEMY" range="" rangeAOE="" requires="" criteria="" logic="" value="" value2="" prefix="/ws" mainonly="" on="" off="" waittime="2" jobs="WAR,PLD,BLU,RDM,DRK,RUN,COR" levels="5,5,5,5,5,5"  />
<w jobid="0" ssid="" tsid="" stype="" name="Burning Blade" tp="1000" alwayson="" group="SWORD" grouptype="" visible="" targets="ENEMY" range="" rangeAOE="" requires="" criteria="" logic="" value="" value2="" prefix="/ws" mainonly="" on="" off="" waittime="2" jobs="WAR,PLD,BLU,RDM,DRK,RUN,COR" levels="5,5,5,5,5,5"  />
<w jobid="0" ssid="" tsid="" stype="" name="Red Lotus Blade" tp="1000" alwayson="" group="SWORD" grouptype="" visible="" targets="ENEMY" range="" rangeAOE="" requires="" criteria="" logic="" value="" value2="" prefix="/ws" mainonly="" on="" off="" waittime="2" jobs="WAR,PLD,BLU,RDM,DRK,RUN,COR" levels="5,5,5,5,5,5"  />
<w jobid="0" ssid="" tsid="" stype="" name="Flat Blade" tp="1000" alwayson="" group="SWORD" grouptype="" visible="" targets="ENEMY" range="" rangeAOE="" requires="" criteria="" logic="" value="" value2="" prefix="/ws" mainonly="" on="" off="" waittime="2" jobs="WAR,PLD,BLU,RDM,DRK,RUN,COR" levels="5,5,5,5,5,5"  />
<w jobid="0" ssid="" tsid="" stype="" name="Shining Blade" tp="1000" alwayson="" group="SWORD" grouptype="" visible="" targets="ENEMY" range="" rangeAOE="" requires="" criteria="" logic="" value="" value2="" prefix="/ws" mainonly="" on="" off="" waittime="" jobs="WAR,PLD,BLU,RDM,DRK,RUN,COR" levels="5,5,5,5,5,5"  />
<w jobid="0" ssid="" tsid="" stype="" name="Seraph Blade" tp="1000" alwayson="" group="SWORD" grouptype="" visible="" targets="ENEMY" range="" rangeAOE="" requires="" criteria="" logic="" value="" value2="" prefix="/ws" mainonly="" on="" off="" waittime="" jobs="WAR,PLD,BLU,RDM,DRK,RUN,COR" levels="5,5,5,5,5,5"  />
<w jobid="0" ssid="" tsid="" stype="" name="Circle Blade" tp="1000" alwayson="" group="SWORD" grouptype="" visible="" targets="ENEMY" range="" rangeAOE="" requires="" criteria="" logic="" value="" value2="" prefix="/ws" mainonly="" on="" off="" waittime="" jobs="WAR,PLD,BLU,RDM,DRK,RUN,THF,COR" levels="5,5,5,5,5,5,5,5"  />
<w jobid="0" ssid="" tsid="" stype="" name="Spirits Within" tp="1000" alwayson="" group="SWORD" grouptype="" visible="" targets="ENEMY" range="" rangeAOE="" requires="" criteria="" logic="" value="" value2="" prefix="/ws" mainonly="" on="" off="" waittime="" jobs="WAR,PLD,BLU,RDM,DRK,RUN,COR" levels="5,5,5,5,5,5"  />
<w jobid="0" ssid="" tsid="" stype="" name="Vorpal Blade" tp="1000" alwayson="" group="SWORD" grouptype="" visible="" targets="ENEMY" range="" rangeAOE="" requires="" criteria="" logic="" value="" value2="" prefix="/ws" mainonly="" on="" off="" waittime="" jobs="WAR,PLD,BLU,RDM,DRK,RUN,COR" levels="5,5,5,5,5,5"  />
<w jobid="0" ssid="" tsid="" stype="" name="Swift Blade" tp="1000" alwayson="" group="SWORD" grouptype="" visible="" targets="ENEMY" range="" rangeAOE="" requires="" criteria="" logic="" value="" value2="" prefix="/ws" mainonly="" on="" off="" waittime="" jobs="WAR,PLD,BLU,RDM,DRK,RUN,COR" levels="5,5,5,5,5,5"  />
<w jobid="0" ssid="" tsid="" stype="" name="Sanguine Blade" tp="1000" alwayson="" group="SWORD" grouptype="" visible="" targets="ENEMY" range="" rangeAOE="" requires="" criteria="" logic="" value="" value2="" prefix="/ws" mainonly="" on="" off="" waittime="" jobs="WAR,PLD,BLU,RDM,DRK,RUN,COR" levels="5,5,5,5,5,5"  />
<w jobid="0" ssid="" tsid="" stype="" name="Savage Blade" tp="1000" alwayson="" group="SWORD" grouptype="" visible="" targets="ENEMY" range="" rangeAOE="" requires="" criteria="" logic="" value="" value2="" prefix="/ws" mainonly="" on="" off="" waittime="" jobs="WAR,PLD,BLU,RDM,DRK,RUN,COR" levels="5,5,5,5,5,5"  />
<w jobid="0" ssid="" tsid="" stype="" name="Knights of Round" tp="1000" alwayson="" group="SWORD" grouptype="" visible="" targets="ENEMY" range="" rangeAOE="" requires="" criteria="" logic="" value="" value2="" prefix="/ws" mainonly="" on="" off="" waittime="" jobs="WAR,PLD,BLU,RDM,DRK,RUN" levels="5,5,5,5,5,5"  />
<w jobid="0" ssid="" tsid="" stype="" name="Atonement" tp="1000" alwayson="" group="SWORD" grouptype="" visible="" targets="ENEMY" range="" rangeAOE="" requires="" criteria="" logic="" value="" value2="" prefix="/ws" mainonly="" on="" off="" waittime="" jobs="WAR,PLD,BLU,RDM,DRK,RUN" levels="5,5,5,5,5,5"  />
<w jobid="0" ssid="" tsid="" stype="" name="Expiacion" tp="1000" alwayson="" group="SWORD" grouptype="" visible="" targets="ENEMY" range="" rangeAOE="" requires="" criteria="" logic="" value="" value2="" prefix="/ws" mainonly="" on="" off="" waittime="" jobs="WAR,PLD,BLU,RDM,DRK,RUN" levels="5,5,5,5,5,5"  />
<w jobid="0" ssid="" tsid="" stype="" name="Death Blossom" tp="1000" alwayson="" group="SWORD" grouptype="" visible="" targets="ENEMY" range="" rangeAOE="" requires="" criteria="" logic="" value="" value2="" prefix="/ws" mainonly="" on="" off="" waittime="" jobs="WAR,PLD,BLU,RDM,DRK,RUN" levels="5,5,5,5,5,5"  />
<w jobid="0" ssid="" tsid="" stype="" name="Glory Slash" tp="1000" alwayson="" group="SWORD" grouptype="" visible="" targets="ENEMY" range="" rangeAOE="" requires="" criteria="" logic="" value="" value2="" prefix="/ws" mainonly="" on="" off="" waittime="" jobs="WAR,PLD,BLU,RDM,DRK,RUN" levels="5,5,5,5,5,5"  />
<w jobid="0" ssid="" tsid="" stype="" name="Uriel Blade" tp="1000" alwayson="" group="SWORD" grouptype="" visible="" targets="ENEMY" range="" rangeAOE="" requires="" criteria="" logic="" value="" value2="" prefix="/ws" mainonly="" on="" off="" waittime="" jobs="WAR,PLD,BLU,RDM,DRK,RUN" levels="5,5,5,5,5,5"  />
<w jobid="0" ssid="" tsid="" stype="" name="Chant du Cygne" tp="1000" alwayson="" group="SWORD" grouptype="" visible="" targets="ENEMY" range="" rangeAOE="" requires="" criteria="" logic="" value="" value2="" prefix="/ws" mainonly="" on="" off="" waittime="" jobs="WAR,PLD,BLU,RDM,DRK,RUN" levels="5,5,5,5,5,5"  />
<w jobid="0" ssid="" tsid="" stype="" name="Requiescat" tp="1000" alwayson="" group="SWORD" grouptype="" visible="" targets="ENEMY" range="" rangeAOE="" requires="" criteria="" logic="" value="" value2="" prefix="/ws" mainonly="" on="" off="" waittime="" jobs="WAR,PLD,BLU,RDM,DRK,RUN" levels="5,5,5,5,5,5"  />
<w jobid="0" ssid="" tsid="" stype="" name="Heavy Swing" tp="1000" alwayson="" group="STAFF" grouptype="" visible="" targets="ENEMY" range="" rangeAOE="" requires="" criteria="" logic="" value="" value2="" prefix="/ws" mainonly="" on="" off="" waittime="" jobs="RDM,BLM,SCH" levels="5,5,5"  />
<w jobid="0" ssid="" tsid="" stype="" name="Rock Crusher" tp="1000" alwayson="" group="STAFF" grouptype="" visible="" targets="ENEMY" range="" rangeAOE="" requires="" criteria="" logic="" value="" value2="" prefix="/ws" mainonly="" on="" off="" waittime="" jobs="RDM,BLM,SCH" levels="5,5,5"  />
<w jobid="0" ssid="" tsid="" stype="" name="Earth Crusher" tp="1000" alwayson="" group="STAFF" grouptype="" visible="" targets="ENEMY" range="" rangeAOE="" requires="" criteria="" logic="" value="" value2="" prefix="/ws" mainonly="" on="" off="" waittime="" jobs="RDM,BLM,SCH" levels="5,5,5"  />
<w jobid="0" ssid="" tsid="" stype="" name="Starburst" tp="1000" alwayson="" group="STAFF" grouptype="" visible="" targets="ENEMY" range="" rangeAOE="" requires="" criteria="" logic="" value="" value2="" prefix="/ws" mainonly="" on="" off="" waittime="" jobs="RDM,BLM,SCH" levels="5,5,5"  />
<w jobid="0" ssid="" tsid="" stype="" name="Sunburst" tp="1000" alwayson="" group="STAFF" grouptype="" visible="" targets="ENEMY" range="" rangeAOE="" requires="" criteria="" logic="" value="" value2="" prefix="/ws" mainonly="" on="" off="" waittime="" jobs="RDM,BLM,SCH" levels="5,5,5"  />
<w jobid="0" ssid="" tsid="" stype="" name="Shell Crusher" tp="1000" alwayson="" group="STAFF" grouptype="" visible="" targets="ENEMY" range="" rangeAOE="" requires="" criteria="" logic="" value="" value2="" prefix="/ws" mainonly="" on="" off="" waittime="" jobs="RDM,BLM,SCH" levels="5,5,5"  />
<w jobid="0" ssid="" tsid="" stype="" name="Full Swing" tp="1000" alwayson="" group="STAFF" grouptype="" visible="" targets="ENEMY" range="" rangeAOE="" requires="" criteria="" logic="" value="" value2="" prefix="/ws" mainonly="" on="" off="" waittime="" jobs="RDM,BLM,SCH" levels="5,5,5"  />
<w jobid="0" ssid="" tsid="" stype="" name="Spirit Taker" tp="1000" alwayson="" group="STAFF" grouptype="" visible="" targets="ENEMY" range="" rangeAOE="" requires="" criteria="" logic="" value="" value2="" prefix="/ws" mainonly="" on="" off="" waittime="" jobs="RDM,BLM,SCH" levels="5,5,5"  />
<w jobid="0" ssid="" tsid="" stype="" name="Cataclysm" tp="1000" alwayson="" group="STAFF" grouptype="" visible="" targets="ENEMY" range="" rangeAOE="" requires="" criteria="" logic="" value="" value2="" prefix="/ws" mainonly="" on="" off="" waittime="" jobs="RDM,BLM,SCH" levels="5,5,5"  />
<w jobid="0" ssid="" tsid="" stype="" name="Retribution" tp="1000" alwayson="" group="STAFF" grouptype="" visible="" targets="ENEMY" range="" rangeAOE="" requires="" criteria="" logic="" value="" value2="" prefix="/ws" mainonly="" on="" off="" waittime="" jobs="RDM,BLM,SCH" levels="5,5,5"  />
<w jobid="0" ssid="" tsid="" stype="" name="Gate of Tartarus" tp="1000" alwayson="" group="STAFF" grouptype="" visible="" targets="ENEMY" range="" rangeAOE="" requires="" criteria="" logic="" value="" value2="" prefix="/ws" mainonly="" on="" off="" waittime="" jobs="RDM,BLM,SCH" levels="5,5,5"  />
<w jobid="0" ssid="" tsid="" stype="" name="Garland of Bliss" tp="1000" alwayson="" group="STAFF" grouptype="" visible="" targets="ENEMY" range="" rangeAOE="" requires="" criteria="" logic="" value="" value2="" prefix="/ws" mainonly="" on="" off="" waittime="" jobs="RDM,BLM,SCH" levels="5,5,5"  />
<w jobid="0" ssid="" tsid="" stype="" name="Vidohunir" tp="1000" alwayson="" group="STAFF" grouptype="" visible="" targets="ENEMY" range="" rangeAOE="" requires="" criteria="" logic="" value="" value2="" prefix="/ws" mainonly="" on="" off="" waittime="" jobs="RDM,BLM,SCH" levels="5,5,5"  />
<w jobid="0" ssid="" tsid="" stype="" name="Omniscience" tp="1000" alwayson="" group="STAFF" grouptype="" visible="" targets="ENEMY" range="" rangeAOE="" requires="" criteria="" logic="" value="" value2="" prefix="/ws" mainonly="" on="" off="" waittime="" jobs="RDM,BLM,SCH" levels="5,5,5"  />
<w jobid="0" ssid="" tsid="" stype="" name="Tartarus Torpor" tp="1000" alwayson="" group="STAFF" grouptype="" visible="" targets="ENEMY" range="" rangeAOE="" requires="" criteria="" logic="" value="" value2="" prefix="/ws" mainonly="" on="" off="" waittime="" jobs="RDM,BLM,SCH" levels="5,5,5"  />
<w jobid="0" ssid="" tsid="" stype="" name="Myrkr" tp="1000" alwayson="" group="STAFF" grouptype="" visible="" targets="SELF" range="" rangeAOE="" requires="" criteria="" logic="" value="" value2="" prefix="/ws" mainonly="" on="" off="" waittime="" jobs="RDM,BLM,SCH" levels="5,5,5"  />
<w jobid="0" ssid="" tsid="" stype="" name="Shattersoul" tp="1000" alwayson="" group="STAFF" grouptype="" visible="" targets="ENEMY" range="" rangeAOE="" requires="" criteria="" logic="" value="" value2="" prefix="/ws" mainonly="" on="" off="" waittime="" jobs="RDM,BLM,SCH" levels="5,5,5"  />
<w jobid="0" ssid="" tsid="" stype="" name="Combo" tp="1000" alwayson="" group="HAND" grouptype="" visible="" targets="ENEMY" range="" rangeAOE="" requires="" criteria="" logic="" value="" value2="" prefix="/ws" mainonly="" on="" off="" waittime="" jobs="MNK,PUP,WAR,DNC,THF,NIN" levels="5,5,5,5,5,5"  />
<w jobid="0" ssid="" tsid="" stype="" name="Shoulder Tackle" tp="1000" alwayson="" group="HAND" grouptype="" visible="" targets="ENEMY" range="" rangeAOE="" requires="" criteria="" logic="" value="" value2="" prefix="/ws" mainonly="" on="" off="" waittime="" jobs="MNK,PUP,WAR,DNC,THF,NIN" levels="5,5,5,5,5,5"  />
<w jobid="0" ssid="" tsid="" stype="" name="One Inch Punch" tp="1000" alwayson="" group="HAND" grouptype="" visible="" targets="ENEMY" range="" rangeAOE="" requires="" criteria="" logic="" value="" value2="" prefix="/ws" mainonly="" on="" off="" waittime="" jobs="MNK,PUP,WAR,DNC,THF,NIN" levels="5,5,5,5,5,5"  />
<w jobid="0" ssid="" tsid="" stype="" name="Backhand Blow" tp="1000" alwayson="" group="HAND" grouptype="" visible="" targets="ENEMY" range="" rangeAOE="" requires="" criteria="" logic="" value="" value2="" prefix="/ws" mainonly="" on="" off="" waittime="" jobs="MNK,PUP,WAR,DNC,THF,NIN" levels="5,5,5,5,5,5"  />
<w jobid="0" ssid="" tsid="" stype="" name="Raging Fists" tp="1000" alwayson="" group="HAND" grouptype="" visible="" targets="ENEMY" range="" rangeAOE="" requires="" criteria="" logic="" value="" value2="" prefix="/ws" mainonly="" on="" off="" waittime="" jobs="MNK,PUP,WAR,DNC,THF,NIN" levels="5,5,5,5,5,5"  />
<w jobid="0" ssid="" tsid="" stype="" name="Spinning Attack" tp="1000" alwayson="" group="HAND" grouptype="" visible="" targets="ENEMY" range="" rangeAOE="" requires="" criteria="" logic="" value="" value2="" prefix="/ws" mainonly="" on="" off="" waittime="" jobs="MNK,PUP,WAR,DNC,THF,NIN" levels="5,5,5,5,5,5"  />
<w jobid="0" ssid="" tsid="" stype="" name="Howling Fist" tp="1000" alwayson="" group="HAND" grouptype="" visible="" targets="ENEMY" range="" rangeAOE="" requires="" criteria="" logic="" value="" value2="" prefix="/ws" mainonly="" on="" off="" waittime="" jobs="MNK,PUP,WAR,DNC,THF,NIN" levels="5,5,5,5,5,5"  />
<w jobid="0" ssid="" tsid="" stype="" name="Dragon Kick" tp="1000" alwayson="" group="HAND" grouptype="" visible="" targets="ENEMY" range="" rangeAOE="" requires="" criteria="" logic="" value="" value2="" prefix="/ws" mainonly="" on="" off="" waittime="" jobs="MNK,PUP,WAR,DNC,THF,NIN" levels="5,5,5,5,5,5"  />
<w jobid="0" ssid="" tsid="" stype="" name="Tornado Kick" tp="1000" alwayson="" group="HAND" grouptype="" visible="" targets="ENEMY" range="" rangeAOE="" requires="" criteria="" logic="" value="" value2="" prefix="/ws" mainonly="" on="" off="" waittime="" jobs="MNK,PUP,WAR,DNC,THF,NIN" levels="5,5,5,5,5,5"  />
<w jobid="0" ssid="" tsid="" stype="" name="Asuran Fists" tp="1000" alwayson="" group="HAND" grouptype="" visible="" targets="ENEMY" range="" rangeAOE="" requires="" criteria="" logic="" value="" value2="" prefix="/ws" mainonly="" on="" off="" waittime="" jobs="MNK,PUP,WAR,DNC,THF,NIN" levels="5,5,5,5,5,5"  />
<w jobid="0" ssid="" tsid="" stype="" name="Final Heaven" tp="1000" alwayson="" group="HAND" grouptype="" visible="" targets="ENEMY" range="" rangeAOE="" requires="" criteria="" logic="" value="" value2="" prefix="/ws" mainonly="" on="" off="" waittime="" jobs="MNK,PUP,WAR,DNC,THF,NIN" levels="5,5,5,5,5,5"  />
<w jobid="0" ssid="" tsid="" stype="" name="Ascetic's Fury" tp="1000" alwayson="" group="HAND" grouptype="" visible="" targets="ENEMY" range="" rangeAOE="" requires="" criteria="" logic="" value="" value2="" prefix="/ws" mainonly="" on="" off="" waittime="" jobs="MNK,PUP,WAR,DNC,THF,NIN" levels="5,5,5,5,5,5"  />
<w jobid="0" ssid="" tsid="" stype="" name="Stringing Pummel" tp="1000" alwayson="" group="HAND" grouptype="" visible="" targets="ENEMY" range="" rangeAOE="" requires="" criteria="" logic="" value="" value2="" prefix="/ws" mainonly="" on="" off="" waittime="" jobs="MNK,PUP,WAR,DNC,THF,NIN" levels="5,5,5,5,5,5"  />
<w jobid="0" ssid="" tsid="" stype="" name="Victory Smite" tp="1000" alwayson="" group="HAND" grouptype="" visible="" targets="ENEMY" range="" rangeAOE="" requires="" criteria="" logic="" value="" value2="" prefix="/ws" mainonly="" on="" off="" waittime="" jobs="MNK,PUP,WAR,DNC,THF,NIN" levels="5,5,5,5,5,5"  />
<w jobid="0" ssid="" tsid="" stype="" name="Shijin Spiral" tp="1000" alwayson="" group="HAND" grouptype="" visible="" targets="ENEMY" range="" rangeAOE="" requires="" criteria="" logic="" value="" value2="" prefix="/ws" mainonly="" on="" off="" waittime="" jobs="MNK,PUP,WAR,DNC,THF,NIN" levels="5,5,5,5,5,5"  />
<w jobid="0" ssid="" tsid="" stype="" name="Hard Slash" tp="1000" alwayson="" group="GSWORD" grouptype="" visible="" targets="ENEMY" range="" rangeAOE="" requires="" criteria="" logic="" value="" value2="" prefix="/ws" mainonly="" on="" off="" waittime="" jobs="RUN,DRK,WAR,PLD" levels="5,5,5,5"  />
<w jobid="0" ssid="" tsid="" stype="" name="Power Slash" tp="1000" alwayson="" group="GSWORD" grouptype="" visible="" targets="ENEMY" range="" rangeAOE="" requires="" criteria="" logic="" value="" value2="" prefix="/ws" mainonly="" on="" off="" waittime="" jobs="RUN,DRK,WAR,PLD" levels="5,5,5,5"  />
<w jobid="0" ssid="" tsid="" stype="" name="Frostbite" tp="1000" alwayson="" group="GSWORD" grouptype="" visible="" targets="ENEMY" range="" rangeAOE="" requires="" criteria="" logic="" value="" value2="" prefix="/ws" mainonly="" on="" off="" waittime="" jobs="RUN,DRK,WAR,PLD" levels="5,5,5,5"  />
<w jobid="0" ssid="" tsid="" stype="" name="Freezebite" tp="1000" alwayson="" group="GSWORD" grouptype="" visible="" targets="ENEMY" range="" rangeAOE="" requires="" criteria="" logic="" value="" value2="" prefix="/ws" mainonly="" on="" off="" waittime="" jobs="RUN,DRK,WAR,PLD" levels="5,5,5,5"  />
<w jobid="0" ssid="" tsid="" stype="" name="Shockwave" tp="1000" alwayson="" group="GSWORD" grouptype="" visible="" targets="ENEMY" range="" rangeAOE="" requires="" criteria="" logic="" value="" value2="" prefix="/ws" mainonly="" on="" off="" waittime="" jobs="RUN,DRK,WAR,PLD" levels="5,5,5,5"  />
<w jobid="0" ssid="" tsid="" stype="" name="Crescent Moon" tp="1000" alwayson="" group="GSWORD" grouptype="" visible="" targets="ENEMY" range="" rangeAOE="" requires="" criteria="" logic="" value="" value2="" prefix="/ws" mainonly="" on="" off="" waittime="" jobs="RUN,DRK,WAR,PLD" levels="5,5,5,5"  />
<w jobid="0" ssid="" tsid="" stype="" name="Sickle Moon" tp="1000" alwayson="" group="GSWORD" grouptype="" visible="" targets="ENEMY" range="" rangeAOE="" requires="" criteria="" logic="" value="" value2="" prefix="/ws" mainonly="" on="" off="" waittime="" jobs="RUN,DRK,WAR,PLD" levels="5,5,5,5"  />
<w jobid="0" ssid="" tsid="" stype="" name="Spinning Slash" tp="1000" alwayson="" group="GSWORD" grouptype="" visible="" targets="ENEMY" range="" rangeAOE="" requires="" criteria="" logic="" value="" value2="" prefix="/ws" mainonly="" on="" off="" waittime="" jobs="RUN,DRK,WAR,PLD" levels="5,5,5,5"  />
<w jobid="0" ssid="" tsid="" stype="" name="Herculean Slash" tp="1000" alwayson="" group="GSWORD" grouptype="" visible="" targets="ENEMY" range="" rangeAOE="" requires="" criteria="" logic="" value="" value2="" prefix="/ws" mainonly="" on="" off="" waittime="" jobs="RUN,DRK,WAR,PLD" levels="5,5,5,5"  />
<w jobid="0" ssid="" tsid="" stype="" name="Ground Strike" tp="1000" alwayson="" group="GSWORD" grouptype="" visible="" targets="ENEMY" range="" rangeAOE="" requires="" criteria="" logic="" value="" value2="" prefix="/ws" mainonly="" on="" off="" waittime="" jobs="RUN,DRK,WAR,PLD" levels="5,5,5,5"  />
<w jobid="0" ssid="" tsid="" stype="" name="Resolution" tp="1000" alwayson="" group="GSWORD" grouptype="" visible="" targets="ENEMY" range="" rangeAOE="" requires="" criteria="" logic="" value="" value2="" prefix="/ws" mainonly="" on="" off="" waittime="" jobs="RUN,DRK,WAR,PLD" levels="5,5,5,5"  />
<w jobid="0" ssid="" tsid="" stype="" name="Scourge" tp="1000" alwayson="" group="GSWORD" grouptype="" visible="" targets="ENEMY" range="" rangeAOE="" requires="" criteria="" logic="" value="" value2="" prefix="/ws" mainonly="" on="" off="" waittime="" jobs="RUN,DRK,WAR,PLD" levels="5,5,5,5"  />
<w jobid="0" ssid="" tsid="" stype="" name="Torcleaver" tp="1000" alwayson="" group="GSWORD" grouptype="" visible="" targets="ENEMY" range="" rangeAOE="" requires="" criteria="" logic="" value="" value2="" prefix="/ws" mainonly="" on="" off="" waittime="" jobs="RUN,DRK,WAR,PLD" levels="5,5,5,5"  />
<w jobid="0" ssid="" tsid="" stype="" name="Dimidiation" tp="1000" alwayson="" group="GSWORD" grouptype="" visible="" targets="ENEMY" range="" rangeAOE="" requires="" criteria="" logic="" value="" value2="" prefix="/ws" mainonly="" on="" off="" waittime="" jobs="RUN,DRK,WAR,PLD" levels="5,5,5,5"  />
<w jobid="0" ssid="" tsid="" stype="" name="Shield Break" tp="1000" alwayson="" group="GAXE" grouptype="" visible="" targets="ENEMY" range="" rangeAOE="" requires="" criteria="" logic="" value="" value2="" prefix="/ws" mainonly="" on="" off="" waittime="" jobs="WAR,DRK,RUN" levels="5,5,5"  />
<w jobid="0" ssid="" tsid="" stype="" name="Iron Tempest" tp="1000" alwayson="" group="GAXE" grouptype="" visible="" targets="ENEMY" range="" rangeAOE="" requires="" criteria="" logic="" value="" value2="" prefix="/ws" mainonly="" on="" off="" waittime="" jobs="WAR,DRK,RUN" levels="5,5,5"  />
<w jobid="0" ssid="" tsid="" stype="" name="Sturmwind" tp="1000" alwayson="" group="GAXE" grouptype="" visible="" targets="ENEMY" range="" rangeAOE="" requires="" criteria="" logic="" value="" value2="" prefix="/ws" mainonly="" on="" off="" waittime="" jobs="WAR,DRK,RUN" levels="5,5,5"  />
<w jobid="0" ssid="" tsid="" stype="" name="Armor Break" tp="1000" alwayson="" group="GAXE" grouptype="" visible="" targets="ENEMY" range="" rangeAOE="" requires="" criteria="" logic="" value="" value2="" prefix="/ws" mainonly="" on="" off="" waittime="" jobs="WAR,DRK,RUN" levels="5,5,5"  />
<w jobid="0" ssid="" tsid="" stype="" name="Keen Edge" tp="1000" alwayson="" group="GAXE" grouptype="" visible="" targets="ENEMY" range="" rangeAOE="" requires="" criteria="" logic="" value="" value2="" prefix="/ws" mainonly="" on="" off="" waittime="" jobs="WAR,DRK,RUN" levels="5,5,5"  />
<w jobid="0" ssid="" tsid="" stype="" name="Weapon Break" tp="1000" alwayson="" group="GAXE" grouptype="" visible="" targets="ENEMY" range="" rangeAOE="" requires="" criteria="" logic="" value="" value2="" prefix="/ws" mainonly="" on="" off="" waittime="" jobs="WAR,DRK,RUN" levels="5,5,5"  />
<w jobid="0" ssid="" tsid="" stype="" name="Raging Rush" tp="1000" alwayson="" group="GAXE" grouptype="" visible="" targets="ENEMY" range="" rangeAOE="" requires="" criteria="" logic="" value="" value2="" prefix="/ws" mainonly="" on="" off="" waittime="" jobs="WAR,DRK,RUN" levels="5,5,5"  />
<w jobid="0" ssid="" tsid="" stype="" name="Full Break" tp="1000" alwayson="" group="GAXE" grouptype="" visible="" targets="ENEMY" range="" rangeAOE="" requires="" criteria="" logic="" value="" value2="" prefix="/ws" mainonly="" on="" off="" waittime="" jobs="WAR,DRK,RUN" levels="5,5,5"  />
<w jobid="0" ssid="" tsid="" stype="" name="Fell Cleave" tp="1000" alwayson="" group="GAXE" grouptype="" visible="" targets="ENEMY" range="" rangeAOE="" requires="" criteria="" logic="" value="" value2="" prefix="/ws" mainonly="" on="" off="" waittime="" jobs="WAR,DRK,RUN" levels="5,5,5"  />
<w jobid="0" ssid="" tsid="" stype="" name="Steel Cyclone" tp="1000" alwayson="" group="GAXE" grouptype="" visible="" targets="ENEMY" range="" rangeAOE="" requires="" criteria="" logic="" value="" value2="" prefix="/ws" mainonly="" on="" off="" waittime="" jobs="WAR,DRK,RUN" levels="5,5,5"  />
<w jobid="0" ssid="" tsid="" stype="" name="Upheaval" tp="1000" alwayson="" group="GAXE" grouptype="" visible="" targets="ENEMY" range="" rangeAOE="" requires="" criteria="" logic="" value="" value2="" prefix="/ws" mainonly="" on="" off="" waittime="" jobs="WAR,DRK,RUN" levels="5,5,5"  />
<w jobid="0" ssid="" tsid="" stype="" name="Metatron Torment" tp="1000" alwayson="" group="GAXE" grouptype="" visible="" targets="ENEMY" range="" rangeAOE="" requires="" criteria="" logic="" value="" value2="" prefix="/ws" mainonly="" on="" off="" waittime="" jobs="WAR,DRK,RUN" levels="5,5,5"  />
<w jobid="0" ssid="" tsid="" stype="" name="King's Justice" tp="1000" alwayson="" group="GAXE" grouptype="" visible="" targets="ENEMY" range="" rangeAOE="" requires="" criteria="" logic="" value="" value2="" prefix="/ws" mainonly="" on="" off="" waittime="" jobs="WAR,DRK,RUN" levels="5,5,5"  />
<w jobid="0" ssid="" tsid="" stype="" name="Ukko's Fury" tp="1000" alwayson="" group="GAXE" grouptype="" visible="" targets="ENEMY" range="" rangeAOE="" requires="" criteria="" logic="" value="" value2="" prefix="/ws" mainonly="" on="" off="" waittime="" jobs="WAR,DRK,RUN" levels="5,5,5"  />
<w jobid="0" ssid="" tsid="" stype="" name="Wasp Sting" tp="1000" alwayson="" group="DAGGER" grouptype="" visible="" targets="ENEMY" range="" rangeAOE="" requires="" criteria="" logic="" value="" value2="" prefix="/ws" mainonly="" on="" off="" waittime="" jobs="THF,COR,RDM,DNC,WAR,RNG,BRD,BST,NIN,PUP,DRK,PLD,BLM,SCH,SAM,DRG,SMN" levels="5,5,5,5,5,5,5,5,5,5,5,5,5,5,5,5,5,5,5,5,5,5"  />
<w jobid="0" ssid="" tsid="" stype="" name="Gust Slash" tp="1000" alwayson="" group="DAGGER" grouptype="" visible="" targets="ENEMY" range="" rangeAOE="" requires="" criteria="" logic="" value="" value2="" prefix="/ws" mainonly="" on="" off="" waittime="" jobs="THF,COR,RDM,DNC,WAR,RNG,BRD,BST,NIN,PUP,DRK,PLD,BLM,SCH,SAM,DRG,SMN" levels="5,5,5,5,5,5,5,5,5,5,5,5,5,5,5,5,5,5,5,5,5,5"  />
<w jobid="0" ssid="" tsid="" stype="" name="Shadowstitch" tp="1000" alwayson="" group="DAGGER" grouptype="" visible="" targets="ENEMY" range="" rangeAOE="" requires="" criteria="" logic="" value="" value2="" prefix="/ws" mainonly="" on="" off="" waittime="" jobs="THF,COR,RDM,DNC,WAR,RNG,BRD,BST,NIN,PUP,DRK,PLD,BLM,SCH,SAM,DRG,SMN" levels="5,5,5,5,5,5,5,5,5,5,5,5,5,5,5,5,5,5,5,5,5,5"  />
<w jobid="0" ssid="" tsid="" stype="" name="Viper Bite" tp="1000" alwayson="" group="DAGGER" grouptype="" visible="" targets="ENEMY" range="" rangeAOE="" requires="" criteria="" logic="" value="" value2="" prefix="/ws" mainonly="" on="" off="" waittime="" jobs="THF,COR,RDM,DNC,WAR,RNG,BRD,BST,NIN,PUP,DRK,PLD,BLM,SCH,SAM,DRG,SMN" levels="5,5,5,5,5,5,5,5,5,5,5,5,5,5,5,5,5,5,5,5,5,5"  />
<w jobid="0" ssid="" tsid="" stype="" name="Cyclone" tp="1000" alwayson="" group="DAGGER" grouptype="" visible="" targets="ENEMY" range="" rangeAOE="" requires="" criteria="" logic="" value="" value2="" prefix="/ws" mainonly="" on="" off="" waittime="" jobs="THF,COR,RDM,DNC,WAR,RNG,BRD,BST,NIN,PUP,DRK,PLD,BLM,SCH,SAM,DRG,SMN" levels="5,5,5,5,5,5,5,5,5,5,5,5,5,5,5,5,5,5,5,5,5,5"  />
<w jobid="0" ssid="" tsid="" stype="" name="Energy Steal" tp="1000" alwayson="" group="DAGGER" grouptype="" visible="" targets="ENEMY" range="" rangeAOE="" requires="" criteria="" logic="" value="" value2="" prefix="/ws" mainonly="" on="" off="" waittime="" jobs="THF,COR,RDM,DNC,WAR,RNG,BRD,BST,NIN,PUP,DRK,PLD,BLM,SCH,SAM,DRG,SMN" levels="5,5,5,5,5,5,5,5,5,5,5,5,5,5,5,5,5,5,5,5,5,5"  />
<w jobid="0" ssid="" tsid="" stype="" name="Energy Drain" tp="1000" alwayson="" group="DAGGER" grouptype="" visible="" targets="ENEMY" range="" rangeAOE="" requires="" criteria="" logic="" value="" value2="" prefix="/ws" mainonly="" on="" off="" waittime="" jobs="THF,COR,RDM,DNC,WAR,RNG,BRD,BST,NIN,PUP,DRK,PLD,BLM,SCH,SAM,DRG,SMN" levels="5,5,5,5,5,5,5,5,5,5,5,5,5,5,5,5,5,5,5,5,5,5"  />
<w jobid="0" ssid="" tsid="" stype="" name="Dancing Edge" tp="1000" alwayson="" group="DAGGER" grouptype="" visible="" targets="ENEMY" range="" rangeAOE="" requires="" criteria="" logic="" value="" value2="" prefix="/ws" mainonly="" on="" off="" waittime="" jobs="THF,COR,RDM,DNC,WAR,RNG,BRD,BST,NIN,PUP,DRK,PLD,BLM,SCH,SAM,DRG,SMN" levels="5,5,5,5,5,5,5,5,5,5,5,5,5,5,5,5,5,5,5,5,5,5"  />
<w jobid="0" ssid="" tsid="" stype="" name="Shark Bite" tp="1000" alwayson="" group="DAGGER" grouptype="" visible="" targets="ENEMY" range="" rangeAOE="" requires="" criteria="" logic="" value="" value2="" prefix="/ws" mainonly="" on="" off="" waittime="" jobs="THF,COR,RDM,DNC,WAR,RNG,BRD,BST,NIN,PUP,DRK,PLD,BLM,SCH,SAM,DRG,SMN" levels="5,5,5,5,5,5,5,5,5,5,5,5,5,5,5,5,5,5,5,5,5,5"  />
<w jobid="0" ssid="" tsid="" stype="" name="Aeolian Edge" tp="1000" alwayson="" group="DAGGER" grouptype="" visible="" targets="ENEMY" range="" rangeAOE="" requires="" criteria="" logic="" value="" value2="" prefix="/ws" mainonly="" on="" off="" waittime="" jobs="THF,COR,RDM,DNC,WAR,RNG,BRD,BST,NIN,PUP,DRK,PLD,BLM,SCH,SAM,DRG,SMN" levels="5,5,5,5,5,5,5,5,5,5,5,5,5,5,5,5,5,5,5,5,5,5"  />
<w jobid="0" ssid="" tsid="" stype="" name="Evisceration" tp="1000" alwayson="" group="DAGGER" grouptype="" visible="" targets="ENEMY" range="" rangeAOE="" requires="" criteria="" logic="" value="" value2="" prefix="/ws" mainonly="" on="" off="" waittime="" jobs="THF,COR,RDM,DNC,WAR,RNG,BRD,BST,NIN,PUP,DRK,PLD,BLM,SCH,SAM,DRG,SMN" levels="5,5,5,5,5,5,5,5,5,5,5,5,5,5,5,5,5,5,5,5,5,5"  />
<w jobid="0" ssid="" tsid="" stype="" name="Exenterator" tp="1000" alwayson="" group="DAGGER" grouptype="" visible="" targets="ENEMY" range="" rangeAOE="" requires="" criteria="" logic="" value="" value2="" prefix="/ws" mainonly="" on="" off="" waittime="" jobs="THF,COR,RDM,DNC,WAR,RNG,BRD,BST,NIN,PUP,DRK,PLD,BLM,SCH,SAM,DRG,SMN" levels="5,5,5,5,5,5,5,5,5,5,5,5,5,5,5,5,5,5,5,5,5,5"  />
<w jobid="0" ssid="" tsid="" stype="" name="Mercy Stroke" tp="1000" alwayson="" group="DAGGER" grouptype="" visible="" targets="ENEMY" range="" rangeAOE="" requires="" criteria="" logic="" value="" value2="" prefix="/ws" mainonly="" on="" off="" waittime="" jobs="THF,COR,RDM,DNC,WAR,RNG,BRD,BST,NIN,PUP,DRK,PLD,BLM,SCH,SAM,DRG,SMN" levels="5,5,5,5,5,5,5,5,5,5,5,5,5,5,5,5,5,5,5,5,5,5"  />
<w jobid="0" ssid="" tsid="" stype="" name="Mandalic Stab" tp="1000" alwayson="" group="DAGGER" grouptype="" visible="" targets="ENEMY" range="" rangeAOE="" requires="" criteria="" logic="" value="" value2="" prefix="/ws" mainonly="" on="" off="" waittime="" jobs="THF,COR,RDM,DNC,WAR,RNG,BRD,BST,NIN,PUP,DRK,PLD,BLM,SCH,SAM,DRG,SMN" levels="5,5,5,5,5,5,5,5,5,5,5,5,5,5,5,5,5,5,5,5,5,5"  />
<w jobid="0" ssid="" tsid="" stype="" name="Pyrrhic Kleos" tp="1000" alwayson="" group="DAGGER" grouptype="" visible="" targets="ENEMY" range="" rangeAOE="" requires="" criteria="" logic="" value="" value2="" prefix="/ws" mainonly="" on="" off="" waittime="" jobs="THF,COR,RDM,DNC,WAR,RNG,BRD,BST,NIN,PUP,DRK,PLD,BLM,SCH,SAM,DRG,SMN" levels="5,5,5,5,5,5,5,5,5,5,5,5,5,5,5,5,5,5,5,5,5,5"  />
<w jobid="0" ssid="" tsid="" stype="" name="Mordant Rime" tp="1000" alwayson="" group="DAGGER" grouptype="" visible="" targets="ENEMY" range="" rangeAOE="" requires="" criteria="" logic="" value="" value2="" prefix="/ws" mainonly="" on="" off="" waittime="" jobs="THF,COR,RDM,DNC,WAR,RNG,BRD,BST,NIN,PUP,DRK,PLD,BLM,SCH,SAM,DRG,SMN" levels="5,5,5,5,5,5,5,5,5,5,5,5,5,5,5,5,5,5,5,5,5,5"  />
<w jobid="0" ssid="" tsid="" stype="" name="Rudra's Storm" tp="1000" alwayson="" group="DAGGER" grouptype="" visible="" targets="ENEMY" range="" rangeAOE="" requires="" criteria="" logic="" value="" value2="" prefix="/ws" mainonly="" on="" off="" waittime="" jobs="THF,COR,RDM,DNC,WAR,RNG,BRD,BST,NIN,PUP,DRK,PLD,BLM,SCH,SAM,DRG,SMN" levels="5,5,5,5,5,5,5,5,5,5,5,5,5,5,5,5,5,5,5,5,5,5"  />
<w jobid="0" ssid="" tsid="" stype="" name="Shining Strike" tp="1000" alwayson="" group="CLUB" grouptype="" visible="" targets="ENEMY" range="" rangeAOE="" requires="" criteria="" logic="" value="" value2="" prefix="/ws" mainonly="" on="" off="" waittime="" jobs="PLD,WHM,GEO,BLU,WAR,RUN,MNK,BLM,SMN,SCH,DRK,RDM,BRD,BST,PUP,THF,RNG,SAM,DRG,NIN" levels="5,5,5,5,5,5,5,5,5,5,5,5,5,5,5,5,5,5,5"  />
<w jobid="0" ssid="" tsid="" stype="" name="Seraph Strike" tp="1000" alwayson="" group="CLUB" grouptype="" visible="" targets="ENEMY" range="" rangeAOE="" requires="" criteria="" logic="" value="" value2="" prefix="/ws" mainonly="" on="" off="" waittime="" jobs="PLD,WHM,GEO,BLU,WAR,RUN,MNK,BLM,SMN,SCH,DRK,RDM,BRD,BST,PUP,THF,RNG,SAM,DRG,NIN" levels="5,5,5,5,5,5,5,5,5,5,5,5,5,5,5,5,5,5,5"  />
<w jobid="0" ssid="" tsid="" stype="" name="Brainshaker" tp="1000" alwayson="" group="CLUB" grouptype="" visible="" targets="ENEMY" range="" rangeAOE="" requires="" criteria="" logic="" value="" value2="" prefix="/ws" mainonly="" on="" off="" waittime="" jobs="PLD,WHM,GEO,BLU,WAR,RUN,MNK,BLM,SMN,SCH,DRK,RDM,BRD,BST,PUP,THF,RNG,SAM,DRG,NIN" levels="5,5,5,5,5,5,5,5,5,5,5,5,5,5,5,5,5,5,5"  />
<w jobid="0" ssid="" tsid="" stype="" name="Starlight" tp="1000" alwayson="" group="CLUB" grouptype="" visible="" targets="SELF" range="" rangeAOE="" requires="" criteria="" logic="" value="" value2="" prefix="/ws" mainonly="" on="" off="" waittime="" jobs="PLD,WHM,GEO,BLU,WAR,RUN,MNK,BLM,SMN,SCH,DRK,RDM,BRD,BST,PUP,THF,RNG,SAM,DRG,NIN" levels="5,5,5,5,5,5,5,5,5,5,5,5,5,5,5,5,5,5,5"  />
<w jobid="0" ssid="" tsid="" stype="" name="Moonlight" tp="1000" alwayson="" group="CLUB" grouptype="" visible="" targets="SELF" range="" rangeAOE="" requires="" criteria="" logic="" value="" value2="" prefix="/ws" mainonly="" on="" off="" waittime="" jobs="PLD,WHM,GEO,BLU,WAR,RUN,MNK,BLM,SMN,SCH,DRK,RDM,BRD,BST,PUP,THF,RNG,SAM,DRG,NIN" levels="5,5,5,5,5,5,5,5,5,5,5,5,5,5,5,5,5,5,5"  />
<w jobid="0" ssid="" tsid="" stype="" name="Skullbreaker" tp="1000" alwayson="" group="CLUB" grouptype="" visible="" targets="ENEMY" range="" rangeAOE="" requires="" criteria="" logic="" value="" value2="" prefix="/ws" mainonly="" on="" off="" waittime="" jobs="PLD,WHM,GEO,BLU,WAR,RUN,MNK,BLM,SMN,SCH,DRK,RDM,BRD,BST,PUP,THF,RNG,SAM,DRG,NIN" levels="5,5,5,5,5,5,5,5,5,5,5,5,5,5,5,5,5,5,5"  />
<w jobid="0" ssid="" tsid="" stype="" name="True Strike" tp="1000" alwayson="" group="CLUB" grouptype="" visible="" targets="ENEMY" range="" rangeAOE="" requires="" criteria="" logic="" value="" value2="" prefix="/ws" mainonly="" on="" off="" waittime="" jobs="PLD,WHM,GEO,BLU,WAR,RUN,MNK,BLM,SMN,SCH,DRK,RDM,BRD,BST,PUP,THF,RNG,SAM,DRG,NIN" levels="5,5,5,5,5,5,5,5,5,5,5,5,5,5,5,5,5,5,5"  />
<w jobid="0" ssid="" tsid="" stype="" name="Judgment" tp="1000" alwayson="" group="CLUB" grouptype="" visible="" targets="ENEMY" range="" rangeAOE="" requires="" criteria="" logic="" value="" value2="" prefix="/ws" mainonly="" on="" off="" waittime="" jobs="PLD,WHM,GEO,BLU,WAR,RUN,MNK,BLM,SMN,SCH,DRK,RDM,BRD,BST,PUP,THF,RNG,SAM,DRG,NIN" levels="5,5,5,5,5,5,5,5,5,5,5,5,5,5,5,5,5,5,5"  />
<w jobid="0" ssid="" tsid="" stype="" name="Hexa Strike" tp="1000" alwayson="" group="CLUB" grouptype="" visible="" targets="ENEMY" range="" rangeAOE="" requires="" criteria="" logic="" value="" value2="" prefix="/ws" mainonly="" on="" off="" waittime="" jobs="PLD,WHM,GEO,BLU,WAR,RUN,MNK,BLM,SMN,SCH,DRK,RDM,BRD,BST,PUP,THF,RNG,SAM,DRG,NIN" levels="5,5,5,5,5,5,5,5,5,5,5,5,5,5,5,5,5,5,5"  />
<w jobid="0" ssid="" tsid="" stype="" name="Flash Nova" tp="1000" alwayson="" group="CLUB" grouptype="" visible="" targets="ENEMY" range="" rangeAOE="" requires="" criteria="" logic="" value="" value2="" prefix="/ws" mainonly="" on="" off="" waittime="" jobs="PLD,WHM,GEO,BLU,WAR,RUN,MNK,BLM,SMN,SCH,DRK,RDM,BRD,BST,PUP,THF,RNG,SAM,DRG,NIN" levels="5,5,5,5,5,5,5,5,5,5,5,5,5,5,5,5,5,5,5"  />
<w jobid="0" ssid="" tsid="" stype="" name="Black Halo" tp="1000" alwayson="" group="CLUB" grouptype="" visible="" targets="ENEMY" range="" rangeAOE="" requires="" criteria="" logic="" value="" value2="" prefix="/ws" mainonly="" on="" off="" waittime="" jobs="PLD,WHM,GEO,BLU,WAR,RUN,MNK,BLM,SMN,SCH,DRK,RDM,BRD,BST,PUP,THF,RNG,SAM,DRG,NIN" levels="5,5,5,5,5,5,5,5,5,5,5,5,5,5,5,5,5,5,5"  />
<w jobid="0" ssid="" tsid="" stype="" name="Randgrith" tp="1000" alwayson="" group="CLUB" grouptype="" visible="" targets="ENEMY" range="" rangeAOE="" requires="" criteria="" logic="" value="" value2="" prefix="/ws" mainonly="" on="" off="" waittime="" jobs="PLD,WHM,GEO,BLU,WAR,RUN,MNK,BLM,SMN,SCH,DRK,RDM,BRD,BST,PUP,THF,RNG,SAM,DRG,NIN" levels="5,5,5,5,5,5,5,5,5,5,5,5,5,5,5,5,5,5,5"  />
<w jobid="0" ssid="" tsid="" stype="" name="Mystic Boon" tp="1000" alwayson="" group="CLUB" grouptype="" visible="" targets="ENEMY" range="" rangeAOE="" requires="" criteria="" logic="" value="" value2="" prefix="/ws" mainonly="" on="" off="" waittime="" jobs="PLD,WHM,GEO,BLU,WAR,RUN,MNK,BLM,SMN,SCH,DRK,RDM,BRD,BST,PUP,THF,RNG,SAM,DRG,NIN" levels="5,5,5,5,5,5,5,5,5,5,5,5,5,5,5,5,5,5,5"  />
<w jobid="0" ssid="" tsid="" stype="" name="Dagan" tp="1000" alwayson="" group="CLUB" grouptype="" visible="" targets="ENEMY" range="" rangeAOE="" requires="" criteria="" logic="" value="" value2="" prefix="/ws" mainonly="" on="" off="" waittime="" jobs="PLD,WHM,GEO,BLU,WAR,RUN,MNK,BLM,SMN,SCH,DRK,RDM,BRD,BST,PUP,THF,RNG,SAM,DRG,NIN" levels="5,5,5,5,5,5,5,5,5,5,5,5,5,5,5,5,5,5,5"  />
<w jobid="0" ssid="" tsid="" stype="" name="Realmrazer" tp="1000" alwayson="" group="CLUB" grouptype="" visible="" targets="ENEMY" range="" rangeAOE="" requires="" criteria="" logic="" value="" value2="" prefix="/ws" mainonly="" on="" off="" waittime="" jobs="PLD,WHM,GEO,BLU,WAR,RUN,MNK,BLM,SMN,SCH,DRK,RDM,BRD,BST,PUP,THF,RNG,SAM,DRG,NIN" levels="5,5,5,5,5,5,5,5,5,5,5,5,5,5,5,5,5,5,5"  />
<w jobid="0" ssid="" tsid="" stype="" name="Raging Axe" tp="1000" alwayson="" group="AXE" grouptype="" visible="" targets="ENEMY" range="" rangeAOE="" requires="" criteria="" logic="" value="" value2="" prefix="/ws" mainonly="" on="" off="" waittime="" jobs="BST,WAR,DRK,RUN,RNG" levels="5,5,5,5,5"  />
<w jobid="0" ssid="" tsid="" stype="" name="Smash Axe" tp="1000" alwayson="" group="AXE" grouptype="" visible="" targets="ENEMY" range="" rangeAOE="" requires="" criteria="" logic="" value="" value2="" prefix="/ws" mainonly="" on="" off="" waittime="" jobs="BST,WAR,DRK,RUN,RNG" levels="5,5,5,5,5"  />
<w jobid="0" ssid="" tsid="" stype="" name="Gale Axe" tp="1000" alwayson="" group="AXE" grouptype="" visible="" targets="ENEMY" range="" rangeAOE="" requires="" criteria="" logic="" value="" value2="" prefix="/ws" mainonly="" on="" off="" waittime="" jobs="BST,WAR,DRK,RUN,RNG" levels="5,5,5,5,5"  />
<w jobid="0" ssid="" tsid="" stype="" name="Avalanche Axe" tp="1000" alwayson="" group="AXE" grouptype="" visible="" targets="ENEMY" range="" rangeAOE="" requires="" criteria="" logic="" value="" value2="" prefix="/ws" mainonly="" on="" off="" waittime="" jobs="BST,WAR,DRK,RUN,RNG" levels="5,5,5,5,5"  />
<w jobid="0" ssid="" tsid="" stype="" name="Spinning Axe" tp="1000" alwayson="" group="AXE" grouptype="" visible="" targets="ENEMY" range="" rangeAOE="" requires="" criteria="" logic="" value="" value2="" prefix="/ws" mainonly="" on="" off="" waittime="" jobs="BST,WAR,DRK,RUN,RNG" levels="5,5,5,5,5"  />
<w jobid="0" ssid="" tsid="" stype="" name="Rampage" tp="1000" alwayson="" group="AXE" grouptype="" visible="" targets="ENEMY" range="" rangeAOE="" requires="" criteria="" logic="" value="" value2="" prefix="/ws" mainonly="" on="" off="" waittime="" jobs="BST,WAR,DRK,RUN,RNG" levels="5,5,5,5,5"  />
<w jobid="0" ssid="" tsid="" stype="" name="Calamity" tp="1000" alwayson="" group="AXE" grouptype="" visible="" targets="ENEMY" range="" rangeAOE="" requires="" criteria="" logic="" value="" value2="" prefix="/ws" mainonly="" on="" off="" waittime="" jobs="BST,WAR,DRK,RUN,RNG" levels="5,5,5,5,5"  />
<w jobid="0" ssid="" tsid="" stype="" name="Mistral Axe" tp="1000" alwayson="" group="AXE" grouptype="" visible="" targets="ENEMY" range="" rangeAOE="" requires="" criteria="" logic="" value="" value2="" prefix="/ws" mainonly="" on="" off="" waittime="" jobs="BST,WAR,DRK,RUN,RNG" levels="5,5,5,5,5"  />
<w jobid="0" ssid="" tsid="" stype="" name="Bora Axe" tp="1000" alwayson="" group="AXE" grouptype="" visible="" targets="ENEMY" range="" rangeAOE="" requires="" criteria="" logic="" value="" value2="" prefix="/ws" mainonly="" on="" off="" waittime="" jobs="BST,WAR,DRK,RUN,RNG" levels="5,5,5,5,5"  />
<w jobid="0" ssid="" tsid="" stype="" name="Decimation" tp="1000" alwayson="" group="AXE" grouptype="" visible="" targets="ENEMY" range="" rangeAOE="" requires="" criteria="" logic="" value="" value2="" prefix="/ws" mainonly="" on="" off="" waittime="" jobs="BST,WAR,DRK,RUN,RNG" levels="5,5,5,5,5"  />
<w jobid="0" ssid="" tsid="" stype="" name="Onslaught" tp="1000" alwayson="" group="AXE" grouptype="" visible="" targets="ENEMY" range="" rangeAOE="" requires="" criteria="" logic="" value="" value2="" prefix="/ws" mainonly="" on="" off="" waittime="" jobs="BST,WAR,DRK,RUN,RNG" levels="5,5,5,5,5"  />
<w jobid="0" ssid="" tsid="" stype="" name="Primal Rend" tp="1000" alwayson="" group="AXE" grouptype="" visible="" targets="ENEMY" range="" rangeAOE="" requires="" criteria="" logic="" value="" value2="" prefix="/ws" mainonly="" on="" off="" waittime="" jobs="BST,WAR,DRK,RUN,RNG" levels="5,5,5,5,5"  />
<w jobid="0" ssid="" tsid="" stype="" name="Cloudsplitter" tp="1000" alwayson="" group="AXE" grouptype="" visible="" targets="ENEMY" range="" rangeAOE="" requires="" criteria="" logic="" value="" value2="" prefix="/ws" mainonly="" on="" off="" waittime="" jobs="BST,WAR,DRK,RUN,RNG" levels="5,5,5,5,5"  />
<w jobid="0" ssid="" tsid="" stype="" name="Ruinator" tp="1000" alwayson="" group="AXE" grouptype="" visible="" targets="ENEMY" range="" rangeAOE="" requires="" criteria="" logic="" value="" value2="" prefix="/ws" mainonly="" on="" off="" waittime="" jobs="BST,WAR,DRK,RUN,RNG" levels="5,5,5,5,6"  />
<w jobid="0" ssid="" tsid="" stype="" name="Tachi: Enpi" tp="1000" alwayson="" group="GKATANA" grouptype="" visible="" targets="ENEMY" range="" rangeAOE="" requires="" criteria="" logic="" value="" value2="" prefix="/ws" mainonly="" on="" off="" waittime="" jobs="SAM,NIN" levels="5,5"  />
<w jobid="0" ssid="" tsid="" stype="" name="Tachi: Hobaku" tp="1000" alwayson="" group="GKATANA" grouptype="" visible="" targets="ENEMY" range="" rangeAOE="" requires="" criteria="" logic="" value="" value2="" prefix="/ws" mainonly="" on="" off="" waittime="" jobs="SAM,NIN" levels="5,6"  />
<w jobid="0" ssid="" tsid="" stype="" name="Tachi: Goten" tp="1000" alwayson="" group="GKATANA" grouptype="" visible="" targets="ENEMY" range="" rangeAOE="" requires="" criteria="" logic="" value="" value2="" prefix="/ws" mainonly="" on="" off="" waittime="" jobs="SAM,NIN" levels="5,7"  />
<w jobid="0" ssid="" tsid="" stype="" name="Tachi: Kagero" tp="1000" alwayson="" group="GKATANA" grouptype="" visible="" targets="ENEMY" range="" rangeAOE="" requires="" criteria="" logic="" value="" value2="" prefix="/ws" mainonly="" on="" off="" waittime="" jobs="SAM,NIN" levels="5,8"  />
<w jobid="0" ssid="" tsid="" stype="" name="Tachi: Jinpu" tp="1000" alwayson="" group="GKATANA" grouptype="" visible="" targets="ENEMY" range="" rangeAOE="" requires="" criteria="" logic="" value="" value2="" prefix="/ws" mainonly="" on="" off="" waittime="" jobs="SAM,NIN" levels="5,9"  />
<w jobid="0" ssid="" tsid="" stype="" name="Tachi: Koki" tp="1000" alwayson="" group="GKATANA" grouptype="" visible="" targets="ENEMY" range="" rangeAOE="" requires="" criteria="" logic="" value="" value2="" prefix="/ws" mainonly="" on="" off="" waittime="" jobs="SAM,NIN" levels="5,10"  />
<w jobid="0" ssid="" tsid="" stype="" name="Tachi: Yukikaze" tp="1000" alwayson="" group="GKATANA" grouptype="" visible="" targets="ENEMY" range="" rangeAOE="" requires="" criteria="" logic="" value="" value2="" prefix="/ws" mainonly="" on="" off="" waittime="" jobs="SAM,NIN" levels="5,11"  />
<w jobid="0" ssid="" tsid="" stype="" name="Tachi: Gekko" tp="1000" alwayson="" group="GKATANA" grouptype="" visible="" targets="ENEMY" range="" rangeAOE="" requires="" criteria="" logic="" value="" value2="" prefix="/ws" mainonly="" on="" off="" waittime="" jobs="SAM,NIN" levels="5,12"  />
<w jobid="0" ssid="" tsid="" stype="" name="Tachi: Ageha" tp="1000" alwayson="" group="GKATANA" grouptype="" visible="" targets="ENEMY" range="" rangeAOE="" requires="" criteria="" logic="" value="" value2="" prefix="/ws" mainonly="" on="" off="" waittime="" jobs="SAM,NIN" levels="5,13"  />
<w jobid="0" ssid="" tsid="" stype="" name="Tachi: Kasha" tp="1000" alwayson="" group="GKATANA" grouptype="" visible="" targets="ENEMY" range="" rangeAOE="" requires="" criteria="" logic="" value="" value2="" prefix="/ws" mainonly="" on="" off="" waittime="" jobs="SAM,NIN" levels="5,14"  />
<w jobid="0" ssid="" tsid="" stype="" name="Tachi: Shoha" tp="1000" alwayson="" group="GKATANA" grouptype="" visible="" targets="ENEMY" range="" rangeAOE="" requires="" criteria="" logic="" value="" value2="" prefix="/ws" mainonly="" on="" off="" waittime="" jobs="SAM,NIN" levels="5,15"  />
<w jobid="0" ssid="" tsid="" stype="" name="Tachi: Kaiten" tp="1000" alwayson="" group="GKATANA" grouptype="" visible="" targets="ENEMY" range="" rangeAOE="" requires="" criteria="" logic="" value="" value2="" prefix="/ws" mainonly="" on="" off="" waittime="" jobs="SAM,NIN" levels="5,16"  />
<w jobid="0" ssid="" tsid="" stype="" name="Tachi: Rana" tp="1000" alwayson="" group="GKATANA" grouptype="" visible="" targets="ENEMY" range="" rangeAOE="" requires="" criteria="" logic="" value="" value2="" prefix="/ws" mainonly="" on="" off="" waittime="" jobs="SAM,NIN" levels="5,17"  />
<w jobid="0" ssid="" tsid="" stype="" name="Tachi: Fudo" tp="1000" alwayson="" group="GKATANA" grouptype="" visible="" targets="ENEMY" range="" rangeAOE="" requires="" criteria="" logic="" value="" value2="" prefix="/ws" mainonly="" on="" off="" waittime="" jobs="SAM,NIN" levels="5,18"  />
<w jobid="0" ssid="" tsid="" stype="" name="Blade: Rin" tp="1000" alwayson="" group="KATANA" grouptype="" visible="" targets="ENEMY" range="" rangeAOE="" requires="" criteria="" logic="" value="" value2="" prefix="/ws" mainonly="" on="" off="" waittime="" jobs="NIN" levels="5"  />
<w jobid="0" ssid="" tsid="" stype="" name="Blade: Retsu" tp="1001" alwayson="" group="KATANA" grouptype="" visible="" targets="ENEMY" range="" rangeAOE="" requires="" criteria="" logic="" value="" value2="" prefix="/ws" mainonly="" on="" off="" waittime="" jobs="NIN" levels="5"  />
<w jobid="0" ssid="" tsid="" stype="" name="Blade: Teki" tp="1002" alwayson="" group="KATANA" grouptype="" visible="" targets="ENEMY" range="" rangeAOE="" requires="" criteria="" logic="" value="" value2="" prefix="/ws" mainonly="" on="" off="" waittime="" jobs="NIN" levels="5"  />
<w jobid="0" ssid="" tsid="" stype="" name="Blade: To" tp="1003" alwayson="" group="KATANA" grouptype="" visible="" targets="ENEMY" range="" rangeAOE="" requires="" criteria="" logic="" value="" value2="" prefix="/ws" mainonly="" on="" off="" waittime="" jobs="NIN" levels="5"  />
<w jobid="0" ssid="" tsid="" stype="" name="Blade: Chi" tp="1004" alwayson="" group="KATANA" grouptype="" visible="" targets="ENEMY" range="" rangeAOE="" requires="" criteria="" logic="" value="" value2="" prefix="/ws" mainonly="" on="" off="" waittime="" jobs="NIN" levels="5"  />
<w jobid="0" ssid="" tsid="" stype="" name="Blade: Ei" tp="1005" alwayson="" group="KATANA" grouptype="" visible="" targets="ENEMY" range="" rangeAOE="" requires="" criteria="" logic="" value="" value2="" prefix="/ws" mainonly="" on="" off="" waittime="" jobs="NIN" levels="5"  />
<w jobid="0" ssid="" tsid="" stype="" name="Blade: Jin" tp="1006" alwayson="" group="KATANA" grouptype="" visible="" targets="ENEMY" range="" rangeAOE="" requires="" criteria="" logic="" value="" value2="" prefix="/ws" mainonly="" on="" off="" waittime="" jobs="NIN" levels="5"  />
<w jobid="0" ssid="" tsid="" stype="" name="Blade: Ten" tp="1007" alwayson="" group="KATANA" grouptype="" visible="" targets="ENEMY" range="" rangeAOE="" requires="" criteria="" logic="" value="" value2="" prefix="/ws" mainonly="" on="" off="" waittime="" jobs="NIN" levels="5"  />
<w jobid="0" ssid="" tsid="" stype="" name="Blade: Yu" tp="1008" alwayson="" group="KATANA" grouptype="" visible="" targets="ENEMY" range="" rangeAOE="" requires="" criteria="" logic="" value="" value2="" prefix="/ws" mainonly="" on="" off="" waittime="" jobs="NIN" levels="5"  />
<w jobid="0" ssid="" tsid="" stype="" name="Blade: Ku" tp="1009" alwayson="" group="KATANA" grouptype="" visible="" targets="ENEMY" range="" rangeAOE="" requires="" criteria="" logic="" value="" value2="" prefix="/ws" mainonly="" on="" off="" waittime="" jobs="NIN" levels="5"  />
<w jobid="0" ssid="" tsid="" stype="" name="Blade: Shun" tp="1010" alwayson="" group="KATANA" grouptype="" visible="" targets="ENEMY" range="" rangeAOE="" requires="" criteria="" logic="" value="" value2="" prefix="/ws" mainonly="" on="" off="" waittime="" jobs="NIN" levels="5"  />
<w jobid="0" ssid="" tsid="" stype="" name="Blade: Metsu" tp="1011" alwayson="" group="KATANA" grouptype="" visible="" targets="ENEMY" range="" rangeAOE="" requires="" criteria="" logic="" value="" value2="" prefix="/ws" mainonly="" on="" off="" waittime="" jobs="NIN" levels="5"  />
<w jobid="0" ssid="" tsid="" stype="" name="Blade: Kamu" tp="1012" alwayson="" group="KATANA" grouptype="" visible="" targets="ENEMY" range="" rangeAOE="" requires="" criteria="" logic="" value="" value2="" prefix="/ws" mainonly="" on="" off="" waittime="" jobs="NIN" levels="5"  />
<w jobid="0" ssid="" tsid="" stype="" name="Blade: Hi" tp="1013" alwayson="" group="KATANA" grouptype="" visible="" targets="ENEMY" range="" rangeAOE="" requires="" criteria="" logic="" value="" value2="" prefix="/ws" mainonly="" on="" off="" waittime="" jobs="NIN" levels="5"  />
<w jobid="0" ssid="" tsid="" stype="" name="Leaden Salute" tp="1014" alwayson="" group="GUN" grouptype="" visible="" targets="ENEMY" range="" rangeAOE="" requires="" criteria="" logic="" value="" value2="" prefix="/ws" mainonly="" on="" off="" waittime="" jobs="COR" levels="5"  />


</weaponskills>
