<?xml version="1.0" encoding="UTF-8"?>
     <effects>
     <e sid="3" name="Poison" on="is poisoned" off="poison" removeBy="Poisona" prefix="/ma" priority="0" />
     <e sid="4" name="Paralyze" on="is paraly" off="paraly" removeBy="Paralyna" prefix="/ma" priority="1" />
     <e sid="6" name="Silence" on="is silenced" off="silenc" removeBy="Silena" prefix="/ma" priority="0" />
     <e sid="5" name="Blind" on="is blinded" off="blind" removeBy="Blindna" prefix="/ma" priority="0" />
     <e sid="2" name="Sleep" on="is asleep" off="asleep" removeBy="Cure" prefix="/ma" priority="0" />
     <e sid="7" name="Petrify" on="is petrified" off="no longer petrified" removeBy="Stona" prefix="/ma" priority="0" />
     <e sid="9" name="Curse" on="is cursed" off="curs" removeBy="Cursna" prefix="/ma" priority="0" />
     <e sid="8" name="Virus" on="is disease" off="disease" removeBy="Viruna" prefix="/ma" priority="0" />
     <e sid="13" name="Slow" on="is slowed" off="slow" removeBy="Erase" prefix="/ma" priority="0" />
     <e sid="15" name="Doom" on="is doomed" off="doom" removeBy="Cursna" prefix="/ma" priority="0" />
     <e sid="12" name="Gravity" on="is weighed down" off="weighed down" removeBy="Erase" prefix="/ma" priority="0" />
     </effects>