<?xml version="1.0" encoding="UTF-8"?>
     <spells>
	<s sid="24" mpcost="7" targets="Party" name="Poisona" off="" on="" prefix="/ma" />
	<s sid="28" mpcost="7" targets="Party" name="Stona" off="" on="" prefix="/ma" />
    <s sid="40" mpcost="7" targets="Party" name="Paralyna" off="" on="" prefix="/ma" />
    <s sid="40" mpcost="7" targets="Party" name="Erase" off="" on="" prefix="/ma" />
    <s sid="40" mpcost="7" targets="Party" name="Cursna" off="" on="" prefix="/ma" />
    <s sid="40" mpcost="7" targets="Party" name="Blindna" off="" on="" prefix="/ma" />
    <s sid="40" mpcost="7" targets="Party" name="Silena" off="" on="" prefix="/ma" />
    <s sid="40" mpcost="7" targets="Party" name="Viruna" off="" on="" prefix="/ma" />
     </spells>