<?xml version="1.0" encoding="UTF-8"?>
<jobabilities>

    
<j jobid="757" ssid="417" tsid="" stype="" name="Afflatus Solace" tp="" alwayson="TRUE" group="Healing Stance" grouptype="1" visible="" targets="SELF" range="" rangeAOE="" requires="" criteria="" logic="" value="" value2="" prefix="/ja" mainonly="TRUE" on="" off="" waittime="2" jobs="WHM" levels="40"  />
<j jobid="758" ssid="418" tsid="" stype="" name="Afflatus Misery" tp="" alwayson="TRUE" group="Healing Stance" grouptype="1" visible="" targets="SELF" range="" rangeAOE="" requires="" criteria="" logic="" value="" value2="" prefix="/ja" mainonly="TRUE" on="" off="" waittime="2" jobs="WHM" levels="40"  />
<j jobid="530" ssid="" tsid="" stype="" name="Benediction" tp="" alwayson="" group="White Mage Abilities" grouptype="" visible="" targets="SELF" range="" rangeAOE="" requires="" criteria="PTHPP,MPP" logic="L,L" value="20" value2="5" prefix="/ja" mainonly="TRUE" on="" off="" waittime="2" jobs="WHM" levels="1"  />
<j jobid="586" ssid="78" tsid="" stype="" name="Divine Seal" tp="" alwayson="" group="White Mage Abilities" grouptype="" visible="FALSE" targets="SELF" range="" rangeAOE="" requires="" criteria="" logic="" value="" value2="" prefix="/ja" mainonly="" on="" off="" waittime="2" jobs="WHM" levels="15"  />
<j jobid="666" ssid="" tsid="" stype="" name="Devotion" tp="" alwayson="" group="White Mage Abilities" grouptype="" visible="" targets="TARGETEX" range="" rangeAOE="" requires="" criteria="MPP" logic="L" value="20" value2="" prefix="/ja" mainonly="" on="" off="" waittime="2" jobs="WHM" levels="75"  />
<j jobid="665" ssid="" tsid="" stype="" name="Martyr" tp="" alwayson="" group="White Mage Abilities" grouptype="" visible="" targets="TARGETEX" range="" rangeAOE="" requires="" criteria="THPP" logic="" value="" value2="" prefix="/ja" mainonly="" on="" off="" waittime="2" jobs="WHM" levels="75"  />
<j jobid="782" ssid="453" tsid="" stype="" name="Divine Caress" tp="" alwayson="" group="White Mage Abilities" grouptype="" visible="" targets="SELF" range="" rangeAOE="" requires="" criteria="" logic="" value="" value2="" prefix="/ja" mainonly="" on="" off="" waittime="2" jobs="WHM" levels="83"  />
<j jobid="783" ssid="477" tsid="" stype="" name="Sacrosanctity" tp="" alwayson="" group="White Mage Abilities" grouptype="" visible="" targets="AOEME" range="" rangeAOE="" requires="" criteria="PTHPP" logic="L" value="30" value2="" prefix="/ja" mainonly="" on="" off="" waittime="2" jobs="WHM" levels="95"  />
<j jobid="837" ssid="492" tsid="" stype="" name="Asylum" tp="" alwayson="" group="White Mage Abilities" grouptype="" visible="FALSE" targets="SELF" range="" rangeAOE="" requires="" criteria="" logic="" value="" value2="" prefix="/ja" mainonly="TRUE" on="" off="" waittime="2" jobs="WHM" levels="96"  />
<j jobid="532" ssid="48" tsid="" stype="" name="Chainspell" tp="" alwayson="" group="Red Mage Abilities" grouptype="" visible="" targets="SELF" range="" rangeAOE="" requires="" criteria="" logic="" value="" value2="" prefix="/ja" mainonly="TRUE" on="" off="" waittime="2" jobs="RDM" levels="1"  />
<j jobid="595" ssid="" tsid="" stype="" name="Convert" tp="" alwayson="TRUE" group="Red Mage Abilities" grouptype="" visible="" targets="SELF" range="" rangeAOE="" requires="" criteria="MPP" logic="L" value="10" value2="" prefix="/ja" mainonly="" on="" off="" waittime="2" jobs="RDM" levels="40"  />
<j jobid="759" ssid="419" tsid="" stype="" name="Composure" tp="" alwayson="TRUE" group="Red Mage Abilities" grouptype="" visible="" targets="SELF" range="" rangeAOE="" requires="" criteria="" logic="" value="" value2="" prefix="/ja" mainonly="" on="" off="" waittime="2" jobs="RDM" levels="50"  />
<j jobid="786" ssid="454" tsid="" stype="" name="Saboteur" tp="" alwayson="" group="Red Mage Abilities" grouptype="" visible="" targets="SELF" range="" rangeAOE="" requires="" criteria="" logic="" value="" value2="" prefix="/ja" mainonly="" on="" off="" waittime="2" jobs="RDM" levels="83"  />
<j jobid="787" ssid="230" tsid="" stype="" name="Spontaneity" tp="" alwayson="" group="Red Mage Abilities" grouptype="" visible="" targets="SELF" range="" rangeAOE="" requires="" criteria="" logic="" value="" value2="" prefix="/ja" mainonly="" on="" off="" waittime="2" jobs="RDM" levels="95"  />
<j jobid="839" ssid="494" tsid="" stype="" name="Stymie" tp="" alwayson="" group="Red Mage Abilities" grouptype="" visible="" targets="SELF" range="" rangeAOE="" requires="" criteria="" logic="" value="" value2="" prefix="/ja" mainonly="TRUE" on="" off="" waittime="2" jobs="RDM" levels="96"  />
<j jobid="722" ssid="377" tsid="" stype="" name="Tabula Rasa" tp="" alwayson="" group="Scholar Abilities" grouptype="" visible="FALSE" targets="SELF" range="" rangeAOE="" requires="" criteria="" logic="" value="" value2="" prefix="/ja" mainonly="TRUE" on="" off="" waittime="2" jobs="SCH" levels="1"  />
<j jobid="723" ssid="358" tsid="401" stype="" name="Light Arts" tp="" alwayson="TRUE" group="Scholar Abilities" grouptype="" visible="" targets="SELF" range="" rangeAOE="" requires="" criteria="" logic="" value="" value2="" prefix="/ja" mainonly="" on="" off="" waittime="2" jobs="SCH" levels="10"  />
<j jobid="724" ssid="359" tsid="402" stype="" name="Dark Arts" tp="" alwayson="TRUE" group="Scholar Abilities" grouptype="" visible="" targets="SELF" range="" rangeAOE="" requires="" criteria="" logic="" value="" value2="" prefix="/ja" mainonly="" on="" off="" waittime="2" jobs="SCH" levels="10"  />
<j jobid="745" ssid="187" tsid="188" stype="2" name="Sublimation" tp="" alwayson="TRUE" group="Scholar Abilities" grouptype="" visible="" targets="SELF" range="" rangeAOE="" requires="" criteria="MPP" logic="L" value="70" value2="" prefix="/ja" mainonly="" on="" off="" waittime="2" jobs="SCH" levels="35"  />
<j jobid="726" ssid="" tsid="" stype="" name="Modus Veritas" tp="" alwayson="" group="Scholar Abilities" grouptype="" visible="FALSE" targets="SELF" range="" rangeAOE="" requires="" criteria="" logic="" value="" value2="" prefix="/ja" mainonly="" on="" off="" waittime="2" jobs="SCH" levels="65"  />
<j jobid="756" ssid="416" tsid="" stype="" name="Enlightenment" tp="" alwayson="" group="Scholar Abilities" grouptype="" visible="FALSE" targets="SELF" range="" rangeAOE="" requires="" criteria="" logic="" value="" value2="" prefix="/ja" mainonly="" on="" off="" waittime="2" jobs="SCH" levels="75"  />
<j jobid="777" ssid="" tsid="" stype="" name="Libra" tp="" alwayson="" group="Scholar Abilities" grouptype="" visible="FALSE" targets="SELF" range="" rangeAOE="" requires="" criteria="" logic="" value="" value2="" prefix="/ja" mainonly="" on="" off="" waittime="2" jobs="SCH" levels="76"  />
<j jobid="854" ssid="" tsid="" stype="" name="Caper Emissarius" tp="" alwayson="" group="Scholar Abilities" grouptype="" visible="FALSE" targets="SELF" range="" rangeAOE="" requires="" criteria="" logic="" value="" value2="" prefix="/ja" mainonly="TRUE" on="" off="" waittime="2" jobs="SCH" levels="96"  />
<j jobid="727" ssid="360" tsid="" stype="" name="Penury" tp="" alwayson="" group="Light Arts" grouptype="" visible="FALSE" targets="SELF" range="" rangeAOE="" requires="JA:Light Arts" criteria="STG" logic="G" value="0" value2="" prefix="/ja" mainonly="" on="" off="" waittime="2" jobs="SCH" levels="10"  />
<j jobid="746" ssid="401" tsid="" stype="1" name="Addendum: White" tp="" alwayson="" group="Light Arts" grouptype="" visible="FALSE" targets="SELF" range="" rangeAOE="" requires="JA:Light Arts" criteria="STG" logic="G" value="0" value2="" prefix="/ja" mainonly="" on="" off="" waittime="2" jobs="SCH" levels="10"  />
<j jobid="728" ssid="362" tsid="" stype="1" name="Celerity" tp="" alwayson="" group="Light Arts" grouptype="" visible="FALSE" targets="SELF" range="" rangeAOE="" requires="JA:Light Arts" criteria="STG" logic="G" value="0" value2="" prefix="/ja" mainonly="" on="" off="" waittime="2" jobs="SCH" levels="25"  />
<j jobid="730" ssid="366" tsid="" stype="1" name="Accession" tp="" alwayson="" group="Light Arts" grouptype="" visible="FALSE" targets="SELF" range="" rangeAOE="" requires="JA:Light Arts" criteria="STG" logic="G" value="0" value2="" prefix="/ja" mainonly="" on="" off="" waittime="2" jobs="SCH" levels="40"  />
<j jobid="729" ssid="364" tsid="" stype="1" name="Rapture" tp="" alwayson="" group="Light Arts" grouptype="" visible="FALSE" targets="SELF" range="" rangeAOE="" requires="JA:Light Arts" criteria="STG" logic="G" value="0" value2="" prefix="/ja" mainonly="" on="" off="" waittime="2" jobs="SCH" levels="55"  />
<j jobid="752" ssid="412" tsid="" stype="1" name="Altruism" tp="" alwayson="" group="Light Arts" grouptype="" visible="FALSE" targets="SELF" range="" rangeAOE="" requires="JA:Light Arts" criteria="STG" logic="G" value="0" value2="" prefix="/ja" mainonly="" on="" off="" waittime="2" jobs="SCH" levels="75"  />
<j jobid="754" ssid="414" tsid="" stype="1" name="Tranquility" tp="" alwayson="" group="Light Arts" grouptype="" visible="FALSE" targets="SELF" range="" rangeAOE="" requires="JA:Light Arts" criteria="STG" logic="G" value="0" value2="" prefix="/ja" mainonly="" on="" off="" waittime="2" jobs="SCH" levels="75"  />
<j jobid="828" ssid="469" tsid="" stype="1" name="Perpetuance" tp="" alwayson="" group="Light Arts" grouptype="" visible="FALSE" targets="SELF" range="" rangeAOE="" requires="JA:Light Arts" criteria="STG" logic="G" value="0" value2="" prefix="/ja" mainonly="" on="" off="" waittime="2" jobs="SCH" levels="87"  />
<j jobid="731" ssid="361" tsid="" stype="1" name="Parsimony" tp="" alwayson="" group="Dark Arts" grouptype="" visible="FALSE" targets="SELF" range="" rangeAOE="" requires="JA:Dark Arts" criteria="STG" logic="G" value="0" value2="" prefix="/ja" mainonly="" on="" off="" waittime="2" jobs="SCH" levels="10"  />
<j jobid="732" ssid="363" tsid="" stype="1" name="Alacrity" tp="" alwayson="" group="Dark Arts" grouptype="" visible="FALSE" targets="SELF" range="" rangeAOE="" requires="JA:Dark Arts" criteria="STG" logic="G" value="0" value2="" prefix="/ja" mainonly="" on="" off="" waittime="2" jobs="SCH" levels="25"  />
<j jobid="747" ssid="402" tsid="" stype="1" name="Addendum: Black" tp="" alwayson="" group="Dark Arts" grouptype="" visible="FALSE" targets="SELF" range="" rangeAOE="" requires="JA:Dark Arts" criteria="STG" logic="G" value="0" value2="" prefix="/ja" mainonly="" on="" off="" waittime="2" jobs="SCH" levels="30"  />
<j jobid="734" ssid="367" tsid="" stype="1" name="Manifestation" tp="" alwayson="" group="Dark Arts" grouptype="" visible="FALSE" targets="SELF" range="" rangeAOE="" requires="JA:Dark Arts" criteria="STG" logic="G" value="0" value2="" prefix="/ja" mainonly="" on="" off="" waittime="2" jobs="SCH" levels="40"  />
<j jobid="733" ssid="365" tsid="" stype="1" name="Ebullience" tp="" alwayson="" group="Dark Arts" grouptype="" visible="FALSE" targets="SELF" range="" rangeAOE="" requires="JA:Dark Arts" criteria="STG" logic="G" value="0" value2="" prefix="/ja" mainonly="" on="" off="" waittime="2" jobs="SCH" levels="55"  />
<j jobid="753" ssid="413" tsid="" stype="1" name="Focalization" tp="" alwayson="" group="Dark Arts" grouptype="" visible="FALSE" targets="SELF" range="" rangeAOE="" requires="JA:Dark Arts" criteria="STG" logic="G" value="0" value2="" prefix="/ja" mainonly="" on="" off="" waittime="2" jobs="SCH" levels="75"  />
<j jobid="755" ssid="415" tsid="" stype="1" name="Equanimity" tp="" alwayson="" group="Dark Arts" grouptype="" visible="FALSE" targets="SELF" range="" rangeAOE="" requires="JA:Dark Arts" criteria="STG" logic="G" value="0" value2="" prefix="/ja" mainonly="" on="" off="" waittime="2" jobs="SCH" levels="75"  />
<j jobid="829" ssid="470" tsid="" stype="1" name="Immanence" tp="" alwayson="" group="Dark Arts" grouptype="" visible="FALSE" targets="SELF" range="" rangeAOE="" requires="JA:Dark Arts" criteria="STG" logic="G" value="0" value2="" prefix="/ja" mainonly="" on="" off="" waittime="2" jobs="SCH" levels="87"  />
<j jobid="537" ssid="52" tsid="" stype="" name="Soul Voice" tp="" alwayson="" group="Bard Abilities" grouptype="" visible="FALSE" targets="SELF" range="" rangeAOE="" requires="" criteria="" logic="" value="" value2="" prefix="/ja" mainonly="TRUE" on="" off="" waittime="2" jobs="BRD" levels="1"  />
<j jobid="741" ssid="409" tsid="" stype="" name="Pianissimo" tp="" alwayson="" group="Bard Abilities" grouptype="" visible="FALSE" targets="SELF" range="" rangeAOE="" requires="" criteria="" logic="" value="" value2="" prefix="/ja" mainonly="" on="" off="" waittime="2" jobs="BRD" levels="20"  />
<j jobid="675" ssid="347" tsid="" stype="" name="Nightingale" tp="" alwayson="" group="Bard Abilities" grouptype="" visible="FALSE" targets="SELF" range="" rangeAOE="" requires="" criteria="" logic="" value="" value2="" prefix="/ja" mainonly="" on="" off="" waittime="2" jobs="BRD" levels="75"  />
<j jobid="676" ssid="348" tsid="" stype="" name="Troubadour" tp="" alwayson="" group="Bard Abilities" grouptype="" visible="FALSE" targets="SELF" range="" rangeAOE="" requires="" criteria="" logic="" value="" value2="" prefix="/ja" mainonly="" on="" off="" waittime="2" jobs="BRD" levels="75"  />
<j jobid="795" ssid="455" tsid="" stype="" name="Tenuto" tp="" alwayson="" group="Bard Abilities" grouptype="" visible="FALSE" targets="SELF" range="" rangeAOE="" requires="" criteria="" logic="" value="" value2="" prefix="/ja" mainonly="" on="" off="" waittime="2" jobs="BRD" levels="83"  />
<j jobid="796" ssid="231" tsid="" stype="" name="Marcato" tp="" alwayson="" group="Bard Abilities" grouptype="" visible="FALSE" targets="SELF" range="" rangeAOE="" requires="" criteria="" logic="" value="" value2="" prefix="/ja" mainonly="" on="" off="" waittime="2" jobs="BRD" levels="95"  />
<j jobid="844" ssid="499" tsid="" stype="" name="Clarion Call" tp="" alwayson="" group="Bard Abilities" grouptype="" visible="FALSE" targets="SELF" range="" rangeAOE="" requires="" criteria="" logic="" value="" value2="" prefix="/ja" mainonly="" on="" off="" waittime="2" jobs="BRD" levels="96"  />
<j jobid="855" ssid="" tsid="" stype="" name="Bolster" tp="" alwayson="" group="Geomancer Abilities" grouptype="" visible="" targets="SELF" range="" rangeAOE="" requires="" criteria="" logic="" value="" value2="" prefix="/ja" mainonly="TRUE" on="" off="" waittime="2" jobs="GEO" levels="1"  />
<j jobid="857" ssid="" tsid="" stype="" name="Full Circle" tp="" alwayson="" group="Geomancer Abilities" grouptype="" visible="FALSE" targets="SELF" range="" rangeAOE="" requires="" criteria="PHPP" logic="G" value="0" value2="" prefix="/ja" mainonly="" on="" off="" waittime="2" jobs="GEO" levels="5"  />
<j jobid="858" ssid="515" tsid="" stype="" name="Lasting Emanation" tp="" alwayson="" group="Geomancer Abilities" grouptype="" visible="" targets="SELF" range="" rangeAOE="" requires="" criteria="PHPP" logic="G" value="0" value2="" prefix="/ja" mainonly="" on="" off="" waittime="2" jobs="GEO" levels="25"  />
<j jobid="859" ssid="516" tsid="" stype="" name="Ecliptic Attrition" tp="" alwayson="" group="Geomancer Abilities" grouptype="" visible="" targets="SELF" range="" rangeAOE="" requires="" criteria="PHPP" logic="G" value="0" value2="" prefix="/ja" mainonly="" on="" off="" waittime="2" jobs="GEO" levels="25"  />
<j jobid="860" ssid="517" tsid="" stype="" name="Collimated Fervor" tp="" alwayson="" group="Geomancer Abilities" grouptype="" visible="FALSE" targets="SELF" range="" rangeAOE="" requires="" criteria="" logic="" value="" value2="" prefix="/ja" mainonly="" on="" off="" waittime="2" jobs="GEO" levels="40"  />
<j jobid="861" ssid="" tsid="" stype="" name="Life Cycle" tp="" alwayson="" group="Geomancer Abilities" grouptype="" visible="" targets="SELF" range="" rangeAOE="" requires="" criteria="PHPP,PHPP" logic="G,L" value="0" value2="70" prefix="/ja" mainonly="" on="" off="" waittime="2" jobs="GEO" levels="50"  />
<j jobid="862" ssid="569" tsid="" stype="" name="Blaze of Glory" tp="" alwayson="" group="Geomancer Abilities" grouptype="" visible="" targets="SELF" range="" rangeAOE="" requires="" criteria="PHPP" logic="E" value="0" value2="" prefix="/ja" mainonly="" on="" off="" waittime="2" jobs="GEO" levels="60"  />
<j jobid="863" ssid="518" tsid="" stype="" name="Dematerialize" tp="" alwayson="" group="Geomancer Abilities" grouptype="" visible="" targets="SELF" range="" rangeAOE="" requires="" criteria="PHPP" logic="L" value="80" value2="" prefix="/ja" mainonly="" on="" off="" waittime="2" jobs="GEO" levels="70"  />
<j jobid="866" ssid="" tsid="" stype="" name="Mending Halation" tp="" alwayson="" group="Geomancer Abilities" grouptype="" visible="FALSE" targets="SELF" range="" rangeAOE="" requires="" criteria="" logic="" value="" value2="" prefix="/ja" mainonly="" on="" off="" waittime="2" jobs="GEO" levels="75"  />
<j jobid="867" ssid="" tsid="" stype="200" name="Radial Arcana" tp="" alwayson="" group="Geomancer Abilities" grouptype="" visible="" targets="SELF" range="" rangeAOE="9" requires="" criteria="TMPP,PHPP" logic="L,G" value="60" value2="0" prefix="/ja" mainonly="" on="" off="" waittime="2" jobs="GEO" levels="75"  />
<j jobid="898" ssid="" tsid="" stype="" name="Entrust" tp="" alwayson="" group="Geomancer Abilities" grouptype="" visible="FALSE" targets="SELF" range="" rangeAOE="" requires="" criteria="" logic="" value="" value2="" prefix="/ja" mainonly="" on="" off="" waittime="2" jobs="GEO" levels="75"  />
<j jobid="864" ssid="519" tsid="" stype="" name="Theurgic Focus" tp="" alwayson="" group="Geomancer Abilities" grouptype="" visible="FALSE" targets="SELF" range="" rangeAOE="" requires="" criteria="" logic="" value="" value2="" prefix="/ja" mainonly="" on="" off="" waittime="2" jobs="GEO" levels="80"  />
<j jobid="865" ssid="" tsid="" stype="" name="Concentric Pulse" tp="" alwayson="" group="Geomancer Abilities" grouptype="" visible="FALSE" targets="SELF" range="" rangeAOE="" requires="" criteria="" logic="" value="" value2="" prefix="/ja" mainonly="" on="" off="" waittime="2" jobs="GEO" levels="90"  />
<j jobid="889" ssid="508" tsid="" stype="" name="Widened Compass" tp="" alwayson="" group="Geomancer Abilities" grouptype="" visible="FALSE" targets="SELF" range="" rangeAOE="" requires="" criteria="" logic="" value="" value2="" prefix="/ja" mainonly="" on="" off="" waittime="2" jobs="GEO" levels="96"  />
<j jobid="528" ssid="" tsid="" stype="" name="Mighty Strikes" tp="" alwayson="" group="Warrior Abilities" grouptype="" visible="" targets="SELF" range="" rangeAOE="" requires="" criteria="" logic="" value="" value2="" prefix="" mainonly="TRUE" on="" off="" waittime="" jobs="WAR" levels="1"  />
<j jobid="547" ssid="" tsid="" stype="" name="Provoke" tp="" alwayson="" group="Warrior Abilities" grouptype="" visible="" targets="ENEMY" range="" rangeAOE="" requires="" criteria="" logic="" value="" value2="" prefix="" mainonly="" on="" off="" waittime="" jobs="WAR" levels="5"  />
<j jobid="543" ssid="" tsid="" stype="" name="Berserk" tp="" alwayson="" group="Warrior Abilities" grouptype="" visible="" targets="SELF" range="" rangeAOE="" requires="" criteria="HPP" logic="G" value="50" value2="" prefix="" mainonly="" on="" off="" waittime="" jobs="WAR" levels="15"  />
<j jobid="545" ssid="" tsid="" stype="" name="Defender" tp="" alwayson="" group="Warrior Abilities" grouptype="" visible="" targets="SELF" range="" rangeAOE="" requires="" criteria="HPP" logic="L" value="40" value2="" prefix="" mainonly="" on="" off="" waittime="" jobs="WAR" levels="25"  />
<j jobid="544" ssid="" tsid="" stype="" name="Warcry" tp="" alwayson="" group="Warrior Abilities" grouptype="" visible="" targets="SELF" range="" rangeAOE="" requires="" criteria="" logic="" value="" value2="" prefix="" mainonly="" on="" off="" waittime="" jobs="WAR" levels="35"  />
<j jobid="546" ssid="" tsid="" stype="" name="Aggressor" tp="" alwayson="" group="Warrior Abilities" grouptype="" visible="" targets="SELF" range="" rangeAOE="" requires="" criteria="" logic="" value="" value2="" prefix="" mainonly="" on="" off="" waittime="" jobs="WAR" levels="45"  />
<j jobid="738" ssid="" tsid="" stype="" name="Retaliation" tp="" alwayson="" group="Warrior Abilities" grouptype="" visible="" targets="SELF" range="" rangeAOE="" requires="" criteria="" logic="" value="" value2="" prefix="" mainonly="" on="" off="" waittime="" jobs="WAR" levels="60"  />
<j jobid="661" ssid="" tsid="" stype="" name="Warrior's Charge" tp="" alwayson="" group="Warrior Abilities" grouptype="" visible="" targets="SELF" range="" rangeAOE="" requires="" criteria="" logic="" value="" value2="" prefix="" mainonly="" on="" off="" waittime="" jobs="WAR" levels="75"  />
<j jobid="662" ssid="" tsid="" stype="" name="Tomahawk" tp="" alwayson="" group="Warrior Abilities" grouptype="" visible="" targets="ENEMY" range="" rangeAOE="" requires="" criteria="" logic="" value="" value2="" prefix="" mainonly="" on="" off="" waittime="" jobs="WAR" levels="75"  />
<j jobid="764" ssid="" tsid="" stype="" name="Restraint" tp="" alwayson="" group="Warrior Abilities" grouptype="" visible="" targets="SELF" range="" rangeAOE="" requires="" criteria="" logic="" value="" value2="" prefix="" mainonly="" on="" off="" waittime="" jobs="WAR" levels="77"  />
<j jobid="779" ssid="" tsid="" stype="" name="Blood Rage" tp="" alwayson="" group="Warrior Abilities" grouptype="" visible="" targets="SELF" range="" rangeAOE="" requires="" criteria="" logic="" value="" value2="" prefix="" mainonly="" on="" off="" waittime="" jobs="WAR" levels="87"  />
<j jobid="835" ssid="" tsid="" stype="" name="Brazen Rush" tp="" alwayson="" group="Warrior Abilities" grouptype="" visible="" targets="SELF" range="" rangeAOE="" requires="" criteria="" logic="" value="" value2="" prefix="" mainonly="TRUE" on="" off="" waittime="" jobs="WAR" levels="96"  />
<j jobid="534" ssid="" tsid="" stype="" name="Invincible" tp="" alwayson="" group="Paladin Abilities" grouptype="" visible="" targets="SELF" range="" rangeAOE="" requires="" criteria="HPP" logic="L" value="5" value2="" prefix="" mainonly="TRUE" on="" off="" waittime="" jobs="PLD" levels="1"  />
<j jobid="559" ssid="" tsid="" stype="" name="Holy Circle" tp="" alwayson="" group="Paladin Abilities" grouptype="" visible="" targets="SELF" range="" rangeAOE="" requires="" criteria="" logic="" value="" value2="" prefix="" mainonly="" on="" off="" waittime="" jobs="PLD" levels="5"  />
<j jobid="558" ssid="" tsid="" stype="" name="Shield Bash" tp="" alwayson="" group="Paladin Abilities" grouptype="" visible="" targets="ENEMY" range="" rangeAOE="" requires="" criteria="" logic="" value="" value2="" prefix="" mainonly="" on="" off="" waittime="" jobs="PLD" levels="15"  />
<j jobid="560" ssid="" tsid="" stype="" name="Sentinel" tp="" alwayson="" group="Paladin Abilities" grouptype="" visible="" targets="SELF" range="" rangeAOE="" requires="" criteria="" logic="" value="" value2="" prefix="" mainonly="" on="" off="" waittime="" jobs="PLD" levels="30"  />
<j jobid="906" ssid="621" tsid="" stype="" name="Majesty" tp="" alwayson="" group="Paladin Abilities" grouptype="" visible="" targets="SELF" range="" rangeAOE="" requires="" criteria="" logic="" value="" value2="" prefix="" mainonly="" on="" off="" waittime="" jobs="PLD" levels="30"  />
<j jobid="591" ssid="" tsid="" stype="" name="Cover" tp="" alwayson="" group="Paladin Abilities" grouptype="" visible="" targets="TARGETEX" range="" rangeAOE="" requires="" criteria="" logic="" value="" value2="" prefix="" mainonly="" on="" off="" waittime="" jobs="PLD" levels="35"  />
<j jobid="604" ssid="" tsid="" stype="" name="Rampart" tp="" alwayson="" group="Paladin Abilities" grouptype="" visible="" targets="SELF" range="" rangeAOE="" requires="" criteria="HPP" logic="L" value="30" value2="" prefix="" mainonly="" on="" off="" waittime="" jobs="PLD" levels="62"  />
<j jobid="669" ssid="" tsid="" stype="" name="Fealty" tp="" alwayson="" group="Paladin Abilities" grouptype="" visible="" targets="SELF" range="" rangeAOE="" requires="" criteria="" logic="" value="" value2="" prefix="" mainonly="" on="" off="" waittime="" jobs="PLD" levels="75"  />
<j jobid="670" ssid="" tsid="" stype="" name="Chivalry" tp="" alwayson="" group="Paladin Abilities" grouptype="" visible="" targets="SELF" range="" rangeAOE="" requires="" criteria="" logic="" value="" value2="" prefix="" mainonly="" on="" off="" waittime="" jobs="PLD" levels="75"  />
<j jobid="767" ssid="" tsid="" stype="" name="Divine Emblem" tp="" alwayson="" group="Paladin Abilities" grouptype="" visible="" targets="SELF" range="" rangeAOE="" requires="" criteria="" logic="" value="" value2="" prefix="" mainonly="" on="" off="" waittime="" jobs="PLD" levels="78"  />
<j jobid="789" ssid="" tsid="" stype="" name="Sepulcher" tp="" alwayson="" group="Paladin Abilities" grouptype="" visible="" targets="SELF" range="" rangeAOE="" requires="" criteria="" logic="" value="" value2="" prefix="" mainonly="" on="" off="" waittime="" jobs="PLD" levels="87"  />
<j jobid="790" ssid="" tsid="" stype="" name="Palisade" tp="" alwayson="" group="Paladin Abilities" grouptype="" visible="" targets="SELF" range="" rangeAOE="" requires="" criteria="" logic="" value="" value2="" prefix="" mainonly="" on="" off="" waittime="" jobs="PLD" levels="95"  />
<j jobid="841" ssid="" tsid="" stype="" name="Intervene" tp="" alwayson="" group="Paladin Abilities" grouptype="" visible="" targets="SELF" range="" rangeAOE="" requires="" criteria="" logic="" value="" value2="" prefix="" mainonly="" on="" off="" waittime="" jobs="PLD" levels="96"  />
<j jobid="561" ssid="" tsid="" stype="" name="Souleater" tp="" alwayson="" group="Dark Knight Abilities" grouptype="" visible="" targets="SELF" range="" rangeAOE="" requires="" criteria="" logic="" value="" value2="" prefix="" mainonly="" on="" off="" waittime="" jobs="DRK" levels="49"  />
<j jobid="563" ssid="64" tsid="" stype="" name="Last Resort" tp="" alwayson="" group="Dark Knight Abilities" grouptype="" visible="" targets="SELF" range="" rangeAOE="" requires="" criteria="" logic="" value="" value2="" prefix="" mainonly="" on="" off="" waittime="" jobs="DRK" levels="49"  />
<j jobid="685" ssid="353" tsid="" stype="" name="Hasso" tp="" alwayson="" group="Samurai Abilities" grouptype="" visible="" targets="SELF" range="" rangeAOE="" requires="" criteria="ST_CNT:64" logic="E" value="0" value2="" prefix="" mainonly="" on="" off="" waittime="" jobs="SAM" levels="30"  />
<j jobid="575" ssid="" tsid="" stype="" name="Meditate" tp="" alwayson="" group="Samurai Abilities" grouptype="" visible="" targets="SELF" range="" rangeAOE="" requires="" criteria="" logic="" value="" value2="" prefix="" mainonly="" on="" off="" waittime="" jobs="SAM" levels="30"  />
<j jobid="870" ssid="523" tsid="" stype="3" name="Ignis" tp="" alwayson="" group="Rune Abilities" grouptype="" visible="" targets="SELF" range="" rangeAOE="" requires="" criteria="ST_CNT:523;524;525;526;527;528;529;530" logic="L" value="3" value2="" prefix="" mainonly="" on="" off="" waittime="" jobs="RUN,PLD" levels="99,99"  />
<j jobid="871" ssid="524" tsid="" stype="3" name="Gelus" tp="" alwayson="" group="Rune Abilities" grouptype="" visible="" targets="SELF" range="" rangeAOE="" requires="" criteria="ST_CNT:523;524;525;526;527;528;529;531" logic="L" value="3" value2="" prefix="" mainonly="" on="" off="" waittime="" jobs="RUN,PLD" levels="99,99"  />
<j jobid="872" ssid="525" tsid="" stype="3" name="Flabra" tp="" alwayson="" group="Rune Abilities" grouptype="" visible="" targets="SELF" range="" rangeAOE="" requires="" criteria="ST_CNT:523;524;525;526;527;528;529;532" logic="L" value="3" value2="" prefix="" mainonly="" on="" off="" waittime="" jobs="RUN,PLD" levels="99,99"  />
<j jobid="873" ssid="526" tsid="" stype="3" name="Tellus" tp="" alwayson="" group="Rune Abilities" grouptype="" visible="" targets="SELF" range="" rangeAOE="" requires="" criteria="ST_CNT:523;524;525;526;527;528;529;533" logic="L" value="3" value2="" prefix="" mainonly="" on="" off="" waittime="" jobs="RUN,PLD" levels="99,99"  />
<j jobid="874" ssid="527" tsid="" stype="3" name="Sulpor" tp="" alwayson="" group="Rune Abilities" grouptype="" visible="" targets="SELF" range="" rangeAOE="" requires="" criteria="ST_CNT:523;524;525;526;527;528;529;534" logic="L" value="3" value2="" prefix="" mainonly="" on="" off="" waittime="" jobs="RUN,PLD" levels="99,99"  />
<j jobid="875" ssid="528" tsid="" stype="3" name="Unda" tp="" alwayson="" group="Rune Abilities" grouptype="" visible="" targets="SELF" range="" rangeAOE="" requires="" criteria="ST_CNT:523;524;525;526;527;528;529;535" logic="L" value="3" value2="" prefix="" mainonly="" on="" off="" waittime="" jobs="RUN,PLD" levels="99,99"  />
<j jobid="876" ssid="529" tsid="" stype="3" name="Lux" tp="" alwayson="" group="Rune Abilities" grouptype="" visible="" targets="SELF" range="" rangeAOE="" requires="" criteria="ST_CNT:523;524;525;526;527;528;529;536" logic="L" value="3" value2="" prefix="" mainonly="" on="" off="" waittime="" jobs="RUN,PLD" levels="99,99"  />
<j jobid="877" ssid="530" tsid="" stype="3" name="Tenebrae" tp="" alwayson="" group="Rune Abilities" grouptype="" visible="" targets="SELF" range="" rangeAOE="" requires="" criteria="ST_CNT:523;524;525;526;527;528;529;537" logic="L" value="3" value2="" prefix="" mainonly="" on="" off="" waittime="" jobs="RUN,PLD" levels="99,99"  />
<j jobid="879" ssid="" tsid="" stype="" name="Swordplay" tp="" alwayson="" group="Rune Abilities" grouptype="" visible="" targets="SELF" range="" rangeAOE="" requires="" criteria="" logic="" value="" value2="" prefix="" mainonly="" on="" off="" waittime="" jobs="RUN,PLD" levels="99,99"  />
<j jobid="886" ssid="" tsid="" stype="" name="One for All" tp="" alwayson="" group="Rune Abilities" grouptype="" visible="" targets="SELF" range="" rangeAOE="" requires="" criteria="" logic="" value="" value2="" prefix="" mainonly="" on="" off="" waittime="" jobs="RUN,PLD" levels="99,99"  />
<j jobid="856" ssid="" tsid="" stype="" name="Swipe" tp="" alwayson="" group="Rune Abilities" grouptype="" visible="" targets="ENEMY" range="" rangeAOE="" requires="" criteria="ST_CNT:523;524;525;526;527;528;529;537" logic="G" value="0" value2="" prefix="" mainonly="" on="" off="" waittime="" jobs="RUN,PLD" levels="99,99"  />
<j jobid="880" ssid="" tsid="" stype="" name="Lunge" tp="" alwayson="" group="Rune Abilities" grouptype="" visible="" targets="ENEMY" range="" rangeAOE="" requires="" criteria="ST_CNT:523;524;525;526;527;528;529;537" logic="G" value="0" value2="" prefix="" mainonly="" on="" off="" waittime="" jobs="RUN,PLD" levels="99,99"  />
<j jobid="884" ssid="" tsid="" stype="" name="Gambit" tp="" alwayson="" group="Rune Abilities" grouptype="" visible="" targets="ENEMY" range="" rangeAOE="" requires="" criteria="ST_CNT:523;524;525;526;527;528;529;537" logic="G" value="0" value2="" prefix="" mainonly="" on="" off="" waittime="" jobs="RUN,PLD" levels="99,99"  />
<j jobid="878" ssid="531" tsid="" stype="" name="Vallation" tp="" alwayson="" group="Rune Abilities" grouptype="" visible="" targets="SELF" range="" rangeAOE="" requires="" criteria="ST_CNT:533;535;537;570" logic="E" value="0" value2="" prefix="" mainonly="" on="" off="" waittime="2" jobs="RUN,PLD" levels="99,99"  />
<j jobid="881" ssid="533" tsid="" stype="" name="Pflug" tp="" alwayson="" group="Rune Abilities" grouptype="" visible="" targets="SELF" range="" rangeAOE="" requires="" criteria="ST_CNT:531;535;537;570" logic="E" value="0" value2="" prefix="" mainonly="" on="" off="" waittime="2" jobs="RUN,PLD" levels="99,99"  />
<j jobid="883" ssid="535" tsid="" stype="" name="Valiance" tp="" alwayson="" group="Rune Abilities" grouptype="" visible="" targets="SELF" range="" rangeAOE="" requires="" criteria="ST_CNT:533;531;537;570" logic="E" value="0" value2="" prefix="" mainonly="" on="" off="" waittime="2" jobs="RUN,PLD" levels="99,99"  />
<j jobid="885" ssid="537" tsid="" stype="" name="Liement" tp="" alwayson="" group="Rune Abilities" grouptype="" visible="" targets="SELF" range="" rangeAOE="" requires="" criteria="ST_CNT:533;535;531;570" logic="E" value="0" value2="" prefix="" mainonly="" on="" off="" waittime="2" jobs="RUN,PLD" levels="99,99"  />
<j jobid="888" ssid="570" tsid="" stype="" name="Battuta" tp="" alwayson="" group="Rune Abilities" grouptype="" visible="" targets="SELF" range="" rangeAOE="" requires="" criteria="ST_CNT:533;535;531;537" logic="E" value="1" value2="" prefix="" mainonly="" on="" off="" waittime="2" jobs="RUN,PLD" levels="99,99"  />
<j jobid="626" ssid="326" tsid="" stype="" name="Corsair's Roll" tp="" alwayson="" group="Corsair Abilties" grouptype="" visible="" targets="SELF" range="" rangeAOE="" requires="" criteria="ST_CNT:326;317;231;324" logic="L" value="2" value2="" prefix="" mainonly="" on="" off="" waittime="2" jobs="COR" levels="5"  />
<j jobid="617" ssid="317" tsid="" stype="" name="Chaos Roll" tp="" alwayson="" group="Corsair Abilties" grouptype="" visible="" targets="SELF" range="" rangeAOE="" requires="" criteria="ST_CNT:326;317;231;324" logic="L" value="2" value2="" prefix="" mainonly="" on="" off="" waittime="2" jobs="COR" levels="99"  />
<j jobid="621" ssid="321" tsid="" stype="" name="Samurai Roll" tp="" alwayson="" group="Corsair Abilties" grouptype="" visible="" targets="SELF" range="" rangeAOE="" requires="" criteria="ST_CNT:326;317;231;324" logic="L" value="2" value2="" prefix="" mainonly="" on="" off="" waittime="2" jobs="COR" levels="99"  />
<j jobid="624" ssid="324" tsid="" stype="" name="Evoker's Roll" tp="" alwayson="" group="Corsair Abilties" grouptype="" visible="" targets="SELF" range="" rangeAOE="" requires="" criteria="ST_CNT:326;317;231;324" logic="L" value="2" value2="" prefix="" mainonly="" on="" off="" waittime="2" jobs="COR" levels="99"  />
<j jobid="701" ssid="370" tsid="" stype="" name="Haste Samba" tp="350" alwayson="" group="Dancer Abilties" grouptype="" visible="" targets="SELF" range="" rangeAOE="" requires="" criteria="" logic="" value="2" value2="" prefix="" mainonly="" on="" off="" waittime="2" jobs="DNC" levels="49"  />
<j jobid="714" ssid="" tsid="" stype="" name="Box Step" tp="100" alwayson="" group="Dancer Abilties" grouptype="" visible="" targets="ENEMY" range="" rangeAOE="" requires="" criteria="" logic="" value="2" value2="" prefix="" mainonly="" on="" off="" waittime="3" jobs="DNC" levels="49"  />
</jobabilities>
